분야,교육과정,회사명,CNT,Year,직무,String1,보유기술
IT·프로그래밍,자바(JAVA) 웹개발 및 정보처리산업기사 취득[과정평가형]A,(주)데모스,1,2022,컨설팅,자바(JAVA),JAVA
IT·프로그래밍,빅데이터 플랫폼 구축(하둡)과 빅데이터분석(by Spark&Power Bi)&자바(JAVA)웹개발,아이티센,1,2022,"기획,경영",빅데이터,"JAVA, JSP, SQL, Python"
IT·프로그래밍,빅데이터 플랫폼 구축(하둡)과 빅데이터분석(by Spark&Power Bi)&자바(JAVA)웹개발,지티원(주),1,2022,유지보수,빅데이터,"JAVA, JSP, SQL, Python"
IT·프로그래밍,자바(JAVA) 웹개발 및 정보처리산업기사 취득[과정평가형]A,토피아정보기술(주),1,2022,SI 개발,자바(JAVA),JAVA
IT·프로그래밍,자바(JAVA) 웹개발 및 정보처리산업기사 취득[과정평가형]B,(주)젬텍,1,2022,소프트웨어 개발,자바(JAVA),JAVA
IT·프로그래밍,빅데이터 플랫폼 구축(하둡)과 빅데이터분석(by Spark&Power Bi)&자바(JAVA)웹개발,주식회사 하이퍼라운지,1,2021,데이터분석,빅데이터,"JAVA, JSP, SQL, Python"
IT·프로그래밍,빅데이터 플랫폼 개발자 양성,뱅크웨어글로벌,1,2022,백엔드 개발,빅데이터,"JAVA, JSP, SQL, Python"
IT·프로그래밍,자바(JAVA)웹개발 및 정보처리산업기사 취득 [과정평가형]A,이프컴퍼니,1,2022,웹 개발,자바(JAVA)웹개발,"JAVA,HTML, CSS, JSP "
IT·프로그래밍,편집디자인(전자출판&e-book)디자이너 양성B(혼합훈련),샤크커뮤니케이션,1,2022,편집디자인,편집디자인(전자출판&e-book)디자이너,"HTML, CSS"
IT·프로그래밍,자바기반 안드로이드 앱 개발B_스마트,몽타(주),1,2022,MES개발자,자바기반,JAVA
IT·프로그래밍,자바기반 안드로이드 앱 개발B_스마트,몽타(주),1,2022,MES개발자,자바기반,JAVA
IT·프로그래밍,자바기반 안드로이드 앱 개발B_스마트,(주)제온스,1,2021,개발자,자바기반,JAVA
IT·프로그래밍,안드로이드&ios앱개발자양성,(주)와당,1,2021,소프트웨어 개발,안드로이드&ios앱개발자양성,"안드로이드, IOS"
IT·프로그래밍,"파이썬,R을 활용한 빅데이터 시각화 구현",천재교과서,1,2021,AI기획,"파이썬,R을","Python,R "
IT·프로그래밍,안드로이드&ios앱개발자양성,(주)와당,1,2021,소프트웨어 개발,안드로이드&ios앱개발자양성,"안드로이드, IOS"
IT·프로그래밍,"파이썬,R을 활용한 빅데이터 시각화 구현",두타워즈,1,2021,"자바,파이썬개발자","파이썬,R을","Python,R "
IT·프로그래밍,안드로이드&ios앱개발자양성,비즈테크파트너스,1,2021,개발자,안드로이드&ios앱개발자양성,"안드로이드, IOS"
IT·프로그래밍,파이썬과 R을 활용한 빅데이터 분석 실무자 양성_혼합훈련,엠아이큐브솔루션(주),1,2021,SW개발 및 운영,파이썬과,Python
IT·프로그래밍,자바(JAVA) 웹개발&앱개발(안드로이드)개발자 과정_혼합훈련,(주)올웨이즈,1,2021,자바개발자,자바(JAVA),JAVA
IT·프로그래밍,파이썬과 R을 활용한 빅데이터 분석 실무자 양성_혼합훈련,(주)피씨엔,1,2021,웹개발자,파이썬과,Python
IT·프로그래밍,빅데이터 플랫폼 개발자 양성_스마트,리본소프트,1,2021,AI 개발자,빅데이터,"JAVA, JSP, SQL, Python"
IT·프로그래밍,자바(JAVA) 웹개발 및 정보처리산업기사 취득[과정평가형]A,로지포커스,1,2021,JAVA개발자,자바(JAVA),JAVA
IT·프로그래밍,자바(JAVA) 웹개발 및 정보처리산업기사 취득[과정평가형]B,(주)웰토스,1,2021,개발,자바(JAVA),JAVA
IT·프로그래밍,자바(JAVA) 웹개발 및 정보처리산업기사 취득[과정평가형]A,하이윌테크놀로지,1,2021,자바개발자,자바(JAVA),JAVA
IT·프로그래밍,자바(JAVA) 웹개발 및 정보처리산업기사 취득[과정평가형]A,진코퍼레이션,1,2022,자바개발자,자바(JAVA),JAVA
IT·프로그래밍,가상화 솔루션(Docker)과 클라우드(AWS) 서비스 기반 웹&앱 개발자 양성(혼합)A,에이지엘(주),1,2021,자바개발자,가상화,JAVA
IT·프로그래밍,자바기반 안드로이드 앱 개발B_스마트-2,더화이트커뮤니케이션(주),1,2021,개발자,자바기반,JAVA
IT·프로그래밍,자바기반 안드로이드 앱 개발B_스마트-2,㈜NHN다이퀘스트,1,2021,자바개발자,자바기반,JAVA
IT·프로그래밍,자바기반 안드로이드 앱 개발B_스마트-2,(주)커머스웨어,1,2021,웹프로그래머,자바기반,JAVA
IT·프로그래밍,자바기반 안드로이드 앱 개발B_스마트-2,(주)네오베이,1,2021,개발자,자바기반,JAVA
IT·프로그래밍,자바기반 안드로이드 앱 개발B_스마트-2,(주)웨인테크놀로지,1,2021,개발자,자바기반,JAVA
IT·프로그래밍,자바기반 안드로이드 앱 개발B_스마트-2,JT저축은행,1,2021,개발자,자바기반,JAVA
IT·프로그래밍,빅데이터 플랫폼 개발자 양성_스마트,웨인테크놀로지,1,2021,개발자,빅데이터,"JAVA, JSP, SQL, Python"
IT·프로그래밍,클라우드(AWS) 서비스 기반 웹&앱 SW융합개발자 양성_혼합,인피니소프트,1,2021,솔루션개발,클라우드(AWS),"JAVA, HTML"
IT·프로그래밍,파이썬 활용 빅데이터 플랫폼 구축 및 분석전문가 양성B-혼합,(주)플리지,1,2021,AI개발자,파이썬,Python
IT·프로그래밍,클라우드(AWS) 서비스 기반 웹&앱 SW융합개발자 양성_혼합,인터페이스정보기술,1,2021,자바 개발/유지보수,클라우드(AWS),"JAVA, HTML"
IT·프로그래밍,안드로이드&ios앱개발자양성,토마토시스템,1,2021,개발자,안드로이드&ios앱개발자양성,"안드로이드, IOS"
IT·프로그래밍,자바(JAVA) 웹개발 및 정보처리산업기사 취득[과정평가형]A,로지포커스,1,2021,JAVA개발자,자바(JAVA),JAVA
IT·프로그래밍,빅데이터 플랫폼 개발자 양성_스마트,AI.STUDIO,1,2021,AI개발자,빅데이터,"JAVA, JSP, SQL, Python"
IT·프로그래밍,빅데이터 플랫폼 개발자 양성_스마트,쿤텍,1,2021,데이터 & AI 플랫폼 컨설턴트,빅데이터,"JAVA, JSP, SQL, Python"
IT·프로그래밍,파이썬 활용 빅데이터 플랫폼 구축 및 분석전문가 양성A-혼합,우리ICT,1,2021,자바개발자,파이썬,Python
IT·프로그래밍,빅데이터 플랫폼 구축(하둡)과 빅데이터분석(by Spark&Power Bi)&자바(JAVA)웹개발,국민은행(종암),1,2021,경비 및 관리,빅데이터,"JAVA, JSP, SQL, Python"
IT·프로그래밍,"AI(머신러닝,딥러닝)엔지니어링&자바(JAVA), 파이썬 활용 빅데이터분석",레일웨이,1,2021,"회계,관리","AI(머신러닝,딥러닝)엔지니어링&자바(JAVA),","Python,JAVA,"
IT·프로그래밍,파이썬 활용 빅데이터 플랫폼 구축 및 분석전문가 양성B-혼합,㈜하몬소프트,1,2021,서버플랫폼,파이썬,Python
IT·프로그래밍,"파이썬,R을 활용한 빅데이터 시각화 구현",마이셀럽스,1,2021,데이터분석 (인턴),"파이썬,R을","Python,R "
IT·프로그래밍,"AI(머신러닝,딥러닝)엔지니어링&자바(JAVA), 파이썬 활용 빅데이터분석",파오스파트너스,1,2021,마케팅,"AI(머신러닝,딥러닝)엔지니어링&자바(JAVA),","Python,JAVA,"
IT·프로그래밍,"정보보안(시스템,네트워크)분석전문가과정(모의해킹)",스틸리언,1,2021,시스템엔지니어,"정보보안(시스템,네트워크)분석전문가과정(모의해킹)","시스템, 네트워크, DBMS, JAVA"
IT·프로그래밍,자바기반 웹 개발자 양성,IF컴퍼니,1,2021,웹개발자,자바기반,JAVA
IT·프로그래밍,클라우드(AWS) 서비스 기반 웹&앱 SW융합개발자 양성_혼합,한국리스크관리,1,2021,금융IT 개발,클라우드(AWS),"JAVA, HTML"
IT·프로그래밍,안드로이드&ios앱개발자양성,(주)젬텍,1,2021,소프트웨어 개발,안드로이드&ios앱개발자양성,"안드로이드, IOS"
IT·프로그래밍,안드로이드&ios앱개발자양성,(주)젬텍,1,2021,소프트웨어 개발,안드로이드&ios앱개발자양성,"안드로이드, IOS"
IT·프로그래밍,자바기반 안드로이드 앱 개발B_스마트,(주)아이앤나,1,2021,백엔드개발자,자바기반,JAVA
IT·프로그래밍,파이썬 활용 빅데이터 플랫폼 구축 및 분석전문가 양성B-혼합,(주)인벤티스,1,2021,메타버스 구축 r&d,파이썬,Python
IT·프로그래밍,프론트엔드 개발자(Vue.js),아이엠그루,1,2021,데이터 엔지니어링(프론트 개발),프론트엔드,"JAVA, HTML, CSS, JSP"
IT·프로그래밍,안드로이드&IOS 앱 개발자 과정B_스마트,에임스,1,2021,앱 개발,안드로이드&IOS,"안드로이드,IOS"
IT·프로그래밍,"빅데이터 시각화(UI) 분석 전문가 양성과정(자바,파이썬, R)A(혼합훈련)",엠포러스,1,2021,데이터 분석,빅데이터,"JAVA, JSP, SQL, Python"
IT·프로그래밍,안드로이드&IOS 앱 개발자 과정B_스마트,레몬아이티,1,2021,웹 개발,안드로이드&IOS,"안드로이드,IOS"
IT·프로그래밍,안드로이드&ios앱개발자양성,(주)젬텍,1,2021,소프트웨어 개발,안드로이드&ios앱개발자양성,"안드로이드, IOS"
IT·프로그래밍,클라우드(AWS) 서비스 기반 웹&앱 SW융합개발자 양성_혼합,토마토시스템,1,2021,솔루션 개발,클라우드(AWS),"JAVA, HTML"
IT·프로그래밍,파이썬 활용 빅데이터 플랫폼 구축 및 분석전문가 양성A-혼합,(주)대원씨앤씨,1,2021,자바개발자,파이썬,Python
IT·프로그래밍,파이썬 활용 빅데이터 플랫폼 구축 및 분석전문가 양성A-혼합,인트로맨(주),1,2021,데이터 관리,파이썬,Python
IT·프로그래밍,빅데이터분석 & 플랫폼 개발자 양성(혼합),KT알파,1,2021,데이터분석,빅데이터분석,"JAVA, JSP, SQL, Python"
IT·프로그래밍,"빅데이터UI전문가양성(파이썬,R)_혼합훈련B",씨엠월드,1,2021,백엔드 개발,"빅데이터UI전문가양성(파이썬,R)_혼합훈련B","Python, R"
IT·프로그래밍,안드로이드& IOS 앱 개발자 양성 (혼합),KH자산관리법인,1,2021,웹&앱 개발,안드로이드&,"안드로이드,"
IT·프로그래밍,클라우드(AWS) 서비스 기반 웹&앱 SW융합개발자 양성_혼합,(주)피디시스템,1,2021,SW개발,클라우드(AWS),"JAVA, HTML"
IT·프로그래밍,클라우드(AWS) 서비스 기반 웹&앱 SW융합개발자 양성_혼합,(주)피디시스템,1,2021,SW개발,클라우드(AWS),"JAVA, HTML"
IT·프로그래밍,"파이썬,R을 활용한 빅데이터 시각화 구현",티케이케미칼,1,2021,빅데이터분석,"파이썬,R을","Python,R "
IT·프로그래밍,빅데이터 플랫폼 개발자 양성 B_혼합훈련,에쓰오씨소프트(주),1,2021,보안업무,빅데이터,"JAVA, JSP, SQL, Python"
IT·프로그래밍,"정보보안(시스템,네트워크)분석전문가과정(모의해킹)",가비아,1,2021,보안관재,"정보보안(시스템,네트워크)분석전문가과정(모의해킹)","시스템, 네트워크, DBMS, JAVA"
IT·프로그래밍,안드로이드&ios앱개발자양성,애플리페어,1,2021,앱개발,안드로이드&ios앱개발자양성,"안드로이드, IOS"
IT·프로그래밍,안드로이드&ios앱개발자양성,지오그레이트,1,2021,개발자,안드로이드&ios앱개발자양성,"안드로이드, IOS"
IT·프로그래밍,"파이썬,R을 활용한 빅데이터 시각화 구현",더아이엠씨,1,2021,빅데이터 & AI,"파이썬,R을","Python,R "
IT·프로그래밍,안드로이드& IOS 앱 개발자 양성 (혼합),주식회사리본소프트,1,2021,IOS 엔지니어,안드로이드&,"안드로이드,"
IT·프로그래밍,빅데이터 플랫폼 구축(하둡)과 빅데이터분석(by Spark&Power Bi)&자바(JAVA)웹개발,오큐브,1,2021,자바개발자,빅데이터,"JAVA, JSP, SQL, Python"
IT·프로그래밍,자바(JAVA) 웹개발 및 정보처리산업기사 취득[과정평가형]B,엠비아이솔루션 주식회사,1,2021,SI 개발,자바(JAVA),JAVA
IT·프로그래밍,자바기반 안드로이드 앱 개발_혼합훈련,엔에스에이치씨,1,2021,SM,자바기반,JAVA
IT·프로그래밍,자바기반 안드로이드 앱 개발A_스마트 - 1,엡탬포글로벌,1,2021,백엔드개발자,자바기반,JAVA
IT·프로그래밍,클라우드(AWS) 서비스 기반 웹&앱 SW융합개발자 양성_혼합,이에스티소프트,1,2021,"웹 개발(SI,SM)",클라우드(AWS),"JAVA, HTML"
IT·프로그래밍,"정보보안(시스템,네트워크)분석전문가과정(모의해킹)",(주)스틸리언,1,2021,시스템엔지니어,"정보보안(시스템,네트워크)분석전문가과정(모의해킹)","시스템, 네트워크, DBMS, JAVA"
IT·프로그래밍,빅데이터 플랫폼 구축(하둡)과 빅데이터분석(by Spark&Power Bi)&자바(JAVA)웹개발,(주)이썸테크,1,2021,웹개발자,빅데이터,"JAVA, JSP, SQL, Python"
IT·프로그래밍,클라우드(AWS) 서비스 기반 웹&앱 SW융합개발자 양성_혼합,웨인테크놀로지,1,2021,금융 IT 관련 개발,클라우드(AWS),"JAVA, HTML"
IT·프로그래밍,클라우드(AWS) 서비스 기반 웹&앱 SW융합개발자 양성_혼합,(주)제스트씨엔에스,1,2021,프로그램 개발,클라우드(AWS),"JAVA, HTML"
IT·프로그래밍,클라우드(AWS) 서비스 기반 웹&앱 SW융합개발자 양성_혼합,피씨티,1,2021,웹 개발자,클라우드(AWS),"JAVA, HTML"
IT·프로그래밍,안드로이드&IOS 앱 개발자 과정B_스마트,(주)파인랩,1,2021,웹 운영시스템 개발/유지보수,안드로이드&IOS,"안드로이드,IOS"
IT·프로그래밍,안드로이드&IOS 앱 개발자 과정B_스마트,피씨티,1,2021,SW개발,안드로이드&IOS,"안드로이드,IOS"
IT·프로그래밍,안드로이드&IOS 앱 개발자 과정B_스마트,데브스타,1,2021,Flutter 앱 개발자,안드로이드&IOS,"안드로이드,IOS"
IT·프로그래밍,안드로이드&IOS 앱 개발자 과정B_스마트,핑거,1,2021,IOS앱 개발자,안드로이드&IOS,"안드로이드,IOS"
IT·프로그래밍,안드로이드&IOS 앱 개발자 과정B_스마트,smart Jack,1,2021,하이브리드 앱 개발자,안드로이드&IOS,"안드로이드,IOS"
IT·프로그래밍,"정보보안(시스템,네트워크)분석전문가과정(모의해킹)",씨엠티정보통신,1,2021,네트워크엔지니어,"정보보안(시스템,네트워크)분석전문가과정(모의해킹)","시스템, 네트워크, DBMS, JAVA"
IT·프로그래밍,"정보보안(시스템,네트워크)분석전문가과정(모의해킹)",씨엠티정보통신,1,2021,네트워트엔지니어,"정보보안(시스템,네트워크)분석전문가과정(모의해킹)","시스템, 네트워크, DBMS, JAVA"
IT·프로그래밍,"파이썬,R을 활용한 빅데이터 시각화 구현",네이버시스템(주),1,2021,빅데이터개발자,"파이썬,R을","Python,R "
IT·프로그래밍,파이썬 활용 빅데이터 플랫폼 구축 및 분석전문가 양성B-혼합,주식회사 더페이,1,2021,서비스 운영 및 관리,파이썬,Python
IT·프로그래밍,파이썬과 R을 활용한 빅데이터 분석 실무자 양성,(주)모비핀테크놀로지,1,2021,자바개발자,파이썬과,Python
IT·프로그래밍,빅데이터 플랫폼 구축(하둡)과 빅데이터분석(by Spark&Power Bi)&자바(JAVA)웹개발,이지미디어,1,2021,웹개발자,빅데이터,"JAVA, JSP, SQL, Python"
IT·프로그래밍,클라우드(AWS) 서비스 기반 웹&앱 SW융합개발자 양성_혼합,가이스트코리아,1,2021,프로그램 개발,클라우드(AWS),"JAVA, HTML"
IT·프로그래밍,자바기반 안드로이드 앱 개발_혼합훈련,(주) MRC,1,2021,"웹, C# 기반 프로그램 개발",자바기반,JAVA
IT·프로그래밍,"파이썬,R을 활용한 빅데이터 시각화 구현",케이원,1,2021,데이터 엔지니어,"파이썬,R을","Python,R "
IT·프로그래밍,"정보보안(시스템,네트워크)분석전문가과정(모의해킹)",디오티스,1,2021,시스템엔지니어,"정보보안(시스템,네트워크)분석전문가과정(모의해킹)","시스템, 네트워크, DBMS, JAVA"
IT·프로그래밍,클라우드(AWS) 서비스 기반 웹&앱 SW융합개발자 양성_혼합,(주)유니포스,1,2021,프로그램 개발,클라우드(AWS),"JAVA, HTML"
IT·프로그래밍,클라우드(AWS) 서비스 기반 웹&앱 SW융합개발자 양성_혼합,(주)케이엠에스,1,2021,프로그램 개발,클라우드(AWS),"JAVA, HTML"
IT·프로그래밍,안드로이드& IOS 앱 개발자 양성 (혼합),(주)지앤지,1,2021,웹&앱개발,안드로이드&,"안드로이드,"
IT·프로그래밍,자바기반 안드로이드 앱 개발A,(주)산하정보기술,1,2021,자바 개발자,자바기반,JAVA
IT·프로그래밍,자바기반 안드로이드 앱 개발A_스마트-2,스퀘어네트(주),1,2021,개발자,자바기반,JAVA
IT·프로그래밍,자바기반 안드로이드 앱 개발A_스마트 - 1,(주)한국에프디엑스네트웍스,1,2021,개발자,자바기반,JAVA
IT·프로그래밍,빅데이터 플랫폼 구축(하둡)과 빅데이터분석(by Spark&Power Bi)&자바(JAVA)웹개발,컨셉터스,1,2021,마케팅,빅데이터,"JAVA, JSP, SQL, Python"
IT·프로그래밍,빅데이터 플랫폼 구축(하둡)과 빅데이터분석(by Spark&Power Bi)&자바(JAVA)웹개발,스프링클라우드,1,2021,자바개발자,빅데이터,"JAVA, JSP, SQL, Python"
IT·프로그래밍,클라우드(AWS) 서비스 기반 웹&앱 SW융합개발자 양성_혼합,한스웰,1,2021,웹 백엔드개발,클라우드(AWS),"JAVA, HTML"
IT·프로그래밍,"AI(머신러닝,딥러닝)엔지니어링&자바(JAVA), 파이썬 활용 빅데이터분석",챔프정보,1,2021,웹개발자,"AI(머신러닝,딥러닝)엔지니어링&자바(JAVA),","Python,JAVA,"
IT·프로그래밍,빅데이터 플랫폼 구축(하둡)과 빅데이터분석(by Spark&Power Bi)&자바(JAVA)웹개발,fns밸류,1,2021,웹개발자,빅데이터,"JAVA, JSP, SQL, Python"
IT·프로그래밍,"빅데이터 시각화(UI) 분석 전문가 양성과정(자바,파이썬, R)A(혼합훈련)-2",에이디에이 디지털 싱가포르,1,2021,디지털마케팅,빅데이터,"JAVA, JSP, SQL, Python"
IT·프로그래밍,"빅데이터 시각화(UI) 분석 전문가 양성과정(자바,파이썬, R)A(혼합훈련)-2",넴코코리아,1,2021,마케팅,빅데이터,"JAVA, JSP, SQL, Python"
IT·프로그래밍,자바기반 안드로이드 앱 개발A_스마트-2,큐비드시큐리티,1,2021,백엔드개발자,자바기반,JAVA
IT·프로그래밍,자바기반 안드로이드 앱 개발A_스마트-2,몽타(주),1,2021,개발자,자바기반,JAVA
IT·프로그래밍,자바기반 안드로이드 앱 개발A_스마트-2,몽타(주),1,2021,개발자,자바기반,JAVA
IT·프로그래밍,자바기반 안드로이드 앱 개발A_스마트 - 1,상생소프트,1,2021,개발자,자바기반,JAVA
IT·프로그래밍,자바(JAVA) 웹개발 및 정보처리산업기사 취득[과정평가형]B,(주)제스트씨엔에스,1,2021,개발,자바(JAVA),JAVA
IT·프로그래밍,자바(JAVA) 웹개발 및 정보처리산업기사 취득[과정평가형]B,(주)유니윌지점 위즈페이,1,2021,개발,자바(JAVA),JAVA
IT·프로그래밍,안드로이드& IOS 앱 개발자 양성 (혼합),(주)지지에스씨,1,2021,웹개발,안드로이드&,"안드로이드,"
IT·프로그래밍,자바기반 안드로이드 앱 개발_A,신나는 플랫폼,1,2021,웹개발,자바기반,JAVA
IT·프로그래밍,게임프로그래밍개발자 양성과정(유니티3D)A,(주)더블미,1,2021,MR 클라이언트,게임프로그래밍개발자,"JAVA, HTML"
IT·프로그래밍,스마트웹디자인(UI/UX) 콘텐츠개발(웹퍼블리셔) B,한국메트로텔레콤,1,2021,퍼블리셔,스마트웹디자인(UI/UX),JAVA
IT·프로그래밍,안드로이드&IOS 앱 개발자 과정B_스마트,더조인,1,2021,IOS앱개발,안드로이드&IOS,"안드로이드,IOS"
IT·프로그래밍,안드로이드&IOS 앱 개발자 과정B_스마트,더조인,1,2021,안드로이드 앱개발,안드로이드&IOS,"안드로이드,IOS"
IT·프로그래밍,안드로이드&IOS 앱 개발자 과정B_스마트,패스트비코리아(주),1,2021,IOS 앱 개발,안드로이드&IOS,"안드로이드,IOS"
IT·프로그래밍,안드로이드&IOS 앱 개발자 과정B_스마트,증권통(이토마토),1,2021,안드로이드&IOS 앱 개발,안드로이드&IOS,"안드로이드,IOS"
IT·프로그래밍,안드로이드&IOS 앱 개발자 과정B_스마트,증권통(이토마토),1,2021,IOS 앱 개발자,안드로이드&IOS,"안드로이드,IOS"
IT·프로그래밍,안드로이드&IOS 앱 개발자 과정B_스마트,아이큐브온,1,2021,안드로이드 앱 개발,안드로이드&IOS,"안드로이드,IOS"
IT·프로그래밍,자바기반 안드로이드 앱 개발A_스마트,와이디앤에스,1,2021,웹개발,자바기반,JAVA
IT·프로그래밍,자바(JAVA) 웹개발&앱개발(안드로이드)개발자 과정_혼합훈련,수자원공사,1,2021,웹개발자,자바(JAVA),JAVA
IT·프로그래밍,자바기반 안드로이드 앱 개발A_스마트 -2,(주)젠솔소프트,1,2021,개발자,자바기반,JAVA
IT·프로그래밍,자바기반 안드로이드 앱 개발A_스마트 -2,캐시맵,1,2021,개발자,자바기반,JAVA
IT·프로그래밍,빅데이터 플랫폼 구축(하둡)과 빅데이터분석(by Spark&Power Bi)&자바(JAVA)웹개발,비아엘,1,2021,웹개발자,빅데이터,"JAVA, JSP, SQL, Python"
IT·프로그래밍,자바기반 안드로이드 앱 개발A_스마트,(주)더존비즈온,1,2021,개발자,자바기반,JAVA
IT·프로그래밍,스마트웹디자인(UI/UX)콘텐츠개발(웹퍼블리셔)A_,㈜유비벨록스모바일,1,2021,개발자,스마트웹디자인(UI/UX)콘텐츠개발(웹퍼블리셔)A_,"JAVA, HTML, CSS, JSP"
IT·프로그래밍,빅데이터 플랫폼 구축(하둡)과 빅데이터분석(by Spark&Power Bi)&자바(JAVA)웹개발,화이트스캔,1,2021,"빅데이터가공,분석",빅데이터,"JAVA, JSP, SQL, Python"
IT·프로그래밍,"AI(머신러닝,딥러닝)엔지니어링&자바(JAVA), 파이썬 활용 빅데이터분석",화이트스캔,1,2021,"빅디이터가공,분석","AI(머신러닝,딥러닝)엔지니어링&자바(JAVA),","Python,JAVA,"
IT·프로그래밍,클라우드(AWS) 서비스 기반 웹&앱 SW융합개발자 양성_혼합,호현에프앤씨,1,2021,웹 개발자,클라우드(AWS),"JAVA, HTML"
IT·프로그래밍,안드로이드&IOS개발자양성,웹프라임,1,2021,백엔드개발자,안드로이드&IOS개발자양성,"안드로이드,IOS"
IT·프로그래밍,자바기반 안드로이드 앱 개발A_스마트,스티커스코포퍼레이션,1,2021,개발자,자바기반,JAVA
IT·프로그래밍,자바기반 안드로이드 앱 개발A_스마트,아데나소프트,1,2021,개발자,자바기반,JAVA
IT·프로그래밍,자바기반 안드로이드 앱 개발A_스마트,이프정보시스템,1,2021,글로벌뱅킹시스템 개발,자바기반,JAVA
IT·프로그래밍,자바기반 안드로이드 앱 개발A_스마트,㈜열린기업,1,2021,개발자,자바기반,JAVA
IT·프로그래밍,"빅데이터 시각화(UI) 분석 전문가 양성과정(자바,파이썬, R)A(혼합훈련)",제이콥정보,1,2021,개발자,빅데이터,"JAVA, JSP, SQL, Python"
IT·프로그래밍,자바기반 안드로이드 앱 개발A_스마트,이젠솔루션,1,2021,개발자,자바기반,JAVA
IT·프로그래밍,자바기반 안드로이드 앱 개발A,지엠솔루션,1,2021,개발자,자바기반,JAVA
IT·프로그래밍,자바(JAVA) 웹개발 및 정보처리산업기사 취득[과정평가형]B,(주)신영이에스디,1,2021,개발,자바(JAVA),JAVA
IT·프로그래밍,"UX/UI 웹디자인 실무자 양성(웹퍼블리셔,프론트엔드)",(주)에코마케팅,1,2021,대일본 마케팅,UX/UI," JAVA, HTML"
IT·프로그래밍,파이썬 활용 빅데이터 플랫폼 구축 및 분석전문가 양성A-혼합,(주)리테일테크,1,2021,"소프트웨어 개발 및 시스템 운영, 유지 보수",파이썬,Python
IT·프로그래밍,파이썬 활용 빅데이터 플랫폼 구축 및 분석전문가 양성A-혼합,(주)아이비케이시스템,1,2021,전산개발/데이터 관련,파이썬,Python
IT·프로그래밍,자바기반 안드로이드 앱 개발A,(주)제스트씨엔에스,1,2021,백엔드,자바기반,JAVA
IT·프로그래밍,자바기반 안드로이드 앱 개발A_스마트,애드쿠아인터렉티브,1,2021,프론트엔드,자바기반,JAVA
IT·프로그래밍,빅데이터분석 & 플랫폼 개발자 양성(혼합),LG하우시스,1,2021,IT기획자,빅데이터분석,"JAVA, JSP, SQL, Python"
IT·프로그래밍,빅데이터 플랫폼 구축(하둡)과 빅데이터분석(by Spark&Power Bi)&자바(JAVA)웹개발,(주)메디코아,1,2021,"AI데이터라벨링,사무보조",빅데이터,"JAVA, JSP, SQL, Python"
IT·프로그래밍,자바(JAVA) 웹개발 및 정보처리산업기사 취득[과정평가형]B,(주)한테정보,1,2021,개발자,자바(JAVA),JAVA
IT·프로그래밍,파이썬과 R을 활용한 빅데이터 분석 실무자 양성_혼합훈련,(주)이지코어솔루,1,2021,데이터 분석,파이썬과,Python
IT·프로그래밍,"정보보안(시스템,네트워크)분석전문가과정(모의해킹)",대진정보통신,1,2021,모의해킹,"정보보안(시스템,네트워크)분석전문가과정(모의해킹)","시스템, 네트워크, DBMS, JAVA"
IT·프로그래밍,빅데이터 플랫폼 구축(하둡)과 빅데이터분석(by Spark&Power Bi)&자바(JAVA)웹개발,현대메디,1,2021,웹개발자,빅데이터,"JAVA, JSP, SQL, Python"
IT·프로그래밍,빅데이터 플랫폼 구축(하둡)과 빅데이터분석(by Spark&Power Bi)&자바(JAVA)웹개발,(주)한테정보,1,2021,웹발자,빅데이터,"JAVA, JSP, SQL, Python"
IT·프로그래밍,빅데이터 플랫폼 구축(하둡)과 빅데이터분석(by Spark&Power Bi)&자바(JAVA)웹개발,(주)레빗,1,2021,웹개발자,빅데이터,"JAVA, JSP, SQL, Python"
IT·프로그래밍,자바기반 안드로이드 앱 개발 스마트,마이워크스페이스아이티,1,2021,개발자,자바기반,JAVA
IT·프로그래밍,자바기반 안드로이드 앱 개발A_스마트,더위버크리에이티브,1,2021,웹개발,자바기반,JAVA
IT·프로그래밍,자바기반 안드로이드 앱 개발A_스마트,와이즈아이씨티,1,2021,개발자,자바기반,JAVA
IT·프로그래밍,자바기반 안드로이드 앱 개발A_스마트,(주)앳시스,1,2021,웹개발자,자바기반,JAVA
IT·프로그래밍,"빅데이터 시각화(UI) 분석 전문가 양성과정(자바,파이썬, R)A(혼합훈련)",(주)와이티아이엔에스,1,2021,데이터관리,빅데이터,"JAVA, JSP, SQL, Python"
IT·프로그래밍,자바기반 안드로이드 앱 개발A_스마트,유알피스시템,1,2021,웹개발자,자바기반,JAVA
IT·프로그래밍,자바기반 안드로이드 앱 개발A_스마트,폴스타헬스케어(주),1,2021,개발자,자바기반,JAVA
IT·프로그래밍,자바기반 안드로이드 앱 개발A_스마트,폴스타헬스케어(주),1,2021,개발자,자바기반,JAVA
IT·프로그래밍,안드로이드&IOS 앱 개발자 양성,유디아이디,1,2021,IOS개발자,안드로이드&IOS,"안드로이드,IOS"
IT·프로그래밍,빅데이터분석 & 플랫폼 개발자 양성,코드와이즈,1,2021,데이터엔지니어,빅데이터분석,"JAVA, JSP, SQL, Python"
IT·프로그래밍,안드로이드& IOS 앱 개발자 양성 (혼합),인디에프,1,2021,전산팀 개발,안드로이드&,"안드로이드,"
IT·프로그래밍,빅데이터 플랫폼 구축(하둡)과 빅데이터분석(by Spark&Power Bi)&자바(JAVA)웹개발,(주)위키드스톰,1,2021,데이터분석,빅데이터,"JAVA, JSP, SQL, Python"
IT·프로그래밍,안드로이드& IOS 앱 개발자 양성 (혼합),제이엠소프트,1,2021,"안드로이드 ,IOS 앱 개발",안드로이드&,"안드로이드,"
IT·프로그래밍,안드로이드&IOS 앱 개발자 양성B,드제이,1,2021,IOS 엔지니어,안드로이드&IOS,"안드로이드,IOS"
IT·프로그래밍,빅데이터 플랫폼 구축(하둡)과 빅데이터분석(by Spark&Power Bi)&자바(JAVA)웹개발,(주)에이비에스컨설팅,1,2021,웹개발자,빅데이터,"JAVA, JSP, SQL, Python"
IT·프로그래밍,빅데이터 플랫폼 구축(하둡)과 빅데이터분석(by Spark&Power Bi)&자바(JAVA)웹개발,(주)제오젠,1,2021,웹개발자,빅데이터,"JAVA, JSP, SQL, Python"
IT·프로그래밍,빅데이터 플랫폼 구축(하둡)과 빅데이터분석(by Spark&Power Bi)&자바(JAVA)웹개발,보험계리법인지아컨설팅,1,2021,웹개발자,빅데이터,"JAVA, JSP, SQL, Python"
IT·프로그래밍,자바기반 웹 개발자 양성,(주)콤프케어,1,2021,웹 개발자,자바기반,JAVA
IT·프로그래밍,자바기반 웹 개발자 양성,쉐어마인드,1,2021,웹 개발자,자바기반,JAVA
IT·프로그래밍,"빅데이터 분석을 위한 AI(머신러닝,딥러닝)응용소프트웨어 개발자 B",유아이네트웍스,1,2021,데이터 분석,빅데이터,"JAVA, JSP, SQL, Python"
IT·프로그래밍,"정보보안(시스템,네트워크)분석전문가과정(모의해킹)",데이타솔루션,1,2021,보안프로그램개발,"정보보안(시스템,네트워크)분석전문가과정(모의해킹)","시스템, 네트워크, DBMS, JAVA"
IT·프로그래밍,"정보보안(시스템,네트워크)분석전문가과정(모의해킹)",팀웨이브,1,2021,보안엔지니어,"정보보안(시스템,네트워크)분석전문가과정(모의해킹)","시스템, 네트워크, DBMS, JAVA"
IT·프로그래밍,"정보보안(시스템,네트워크)분석전문가과정(모의해킹)",한국고용정보,1,2021,보안엔지니어,"정보보안(시스템,네트워크)분석전문가과정(모의해킹)","시스템, 네트워크, DBMS, JAVA"
IT·프로그래밍,안드로이드&IOS 앱 개발자 과정B_스마트,ABS컨설팅,1,2021,소프트웨어 개발자,안드로이드&IOS,"안드로이드,IOS"
IT·프로그래밍,"빅데이터 시각화(UI) 분석 전문가 양성과정(자바,파이썬, R)A(혼합훈련)-1",한국MSD,1,2021,eMR,빅데이터,"JAVA, JSP, SQL, Python"
IT·프로그래밍,자바(JAVA) 웹개발&앱개발(안드로이드)개발자 과정_혼합훈련,휴먼베이스,1,2021,"웹,앱개발자",자바(JAVA),JAVA
IT·프로그래밍,빅데이터 플랫폼 구축(하둡)과 빅데이터분석(by Spark&Power Bi)&자바(JAVA)웹개발,씽크풀,1,2021,데이터분석,빅데이터,"JAVA, JSP, SQL, Python"
IT·프로그래밍,빅데이터 플랫폼 구축(하둡)과 빅데이터분석(by Spark&Power Bi)&자바(JAVA)웹개발,후오비거래소,1,2021,관리직,빅데이터,"JAVA, JSP, SQL, Python"
IT·프로그래밍,자바기반 안드로이드 앱 개발_혼합훈련,언어과학,1,2021,솔루션개발팀,자바기반,JAVA
IT·프로그래밍,자바기반 안드로이드개발,(주)종이와 연필,1,2021,클라우드개발,자바기반,JAVA
IT·프로그래밍,자바기반 안드로이드 앱 개발A,더로카,1,2021,웹개발,자바기반,JAVA
IT·프로그래밍,자바기반 안드로이드 앱 개발A_스마트,(주)파워젠,1,2021,RPA 개발,자바기반,JAVA
IT·프로그래밍,"정보보안(시스템,네트워크)분석전문가과정(모의해킹)",티앤디시큐리티,1,2021,보안관재,"정보보안(시스템,네트워크)분석전문가과정(모의해킹)","시스템, 네트워크, DBMS, JAVA"
IT·프로그래밍,빅데이터 플랫폼 구축(하둡)과 빅데이터분석(by Spark&Power Bi)&자바(JAVA)웹개발,영명소프트,1,2021,웹개발자,빅데이터,"JAVA, JSP, SQL, Python"
IT·프로그래밍,빅데이터 플랫폼 구축(하둡)과 빅데이터분석(by Spark&Power Bi)&자바(JAVA)웹개발,아이트맥스,1,2021,솔루션개발자,빅데이터,"JAVA, JSP, SQL, Python"
IT·프로그래밍,빅데이터 플랫폼 구축(하둡)과 빅데이터분석(by Spark&Power Bi)&자바(JAVA)웹개발,퓨렌스(주),1,2021,웹기획,빅데이터,"JAVA, JSP, SQL, Python"
IT·프로그래밍,빅데이터분석기반 챗봇(Chatbot)시스템 개발과정,(주)아이투맥스,1,2021,CRM 솔루션 개발자,빅데이터분석기반,"JAVA, JSP, SQL, Python"
IT·프로그래밍,빅데이터분석기반 챗봇(Chatbot)시스템 개발과정,에이캣,1,2021,바이럴 광고 마케팅,빅데이터분석기반,"JAVA, JSP, SQL, Python"
IT·프로그래밍,자바(JAVA) 웹개발 및 정보처리산업기사 취득[과정평가형]B,(주)네스바인,1,2021,개발,자바(JAVA),JAVA
IT·프로그래밍,안드로이드&IOS 앱 개발자 양성_A,아이투맥스,1,2021,CRM솔루션 개발자,안드로이드&IOS,"안드로이드,IOS"
IT·프로그래밍,빅데이터 플랫폼 구축(하둡)과 빅데이터분석(by Spark&Power Bi)&자바(JAVA)웹개발,누리어소식,1,2021,"QA,기획",빅데이터,"JAVA, JSP, SQL, Python"
IT·프로그래밍,빅데이터 플랫폼 구축(하둡)과 빅데이터분석(by Spark&Power Bi)&자바(JAVA)웹개발,보험계리법인지아컨설팅,1,2021,소프트웨어 개발자,빅데이터,"JAVA, JSP, SQL, Python"
IT·프로그래밍,빅데이터 플랫폼 구축(하둡)과 빅데이터분석(by Spark&Power Bi)&자바(JAVA)웹개발,모닝정보,1,2021,웹개발자,빅데이터,"JAVA, JSP, SQL, Python"
IT·프로그래밍,빅데이터 플랫폼 구축(하둡)과 빅데이터분석(by Spark&Power Bi)&자바(JAVA)웹개발,폴스타헬스케어,1,2021,웹개발자,빅데이터,"JAVA, JSP, SQL, Python"
IT·프로그래밍,빅데이터 플랫폼 구축(하둡)과 빅데이터분석(by Spark&Power Bi)&자바(JAVA)웹개발,폴스타헬스케어,1,2021,웹개발,빅데이터,"JAVA, JSP, SQL, Python"
IT·프로그래밍,빅데이터 플랫폼 구축(하둡)과 빅데이터분석(by Spark&Power Bi)&자바(JAVA)웹개발,쿱와,1,2021,데이터분석,빅데이터,"JAVA, JSP, SQL, Python"
IT·프로그래밍,파이썬 활용 빅데이터 플랫폼 구축 및 분석전문가 양성A-혼합,(주)퍼블릭에이아이,1,2021,데이터 분석 및 개발,파이썬,Python
IT·프로그래밍,자바기반 안드로이드 앱 개발A,(주)스폰지,1,2021,웹개발,자바기반,JAVA
IT·프로그래밍,빅데이터분석 & 플랫폼 개발자 양성,라바웨이브,1,2021,데이터사이언티스트,빅데이터분석,"JAVA, JSP, SQL, Python"
IT·프로그래밍,자바기반 안드로이드 앱 개발_혼합훈련,유니아이텍,1,2021,이커머스 개발,자바기반,JAVA
IT·프로그래밍,"빅데이터 시각화(UI) 분석 전문가 양성과정(자바,파이썬, R)A(혼합훈련)",디앤아이컨설팅,1,2021,데이터컨설팅 연구원,빅데이터,"JAVA, JSP, SQL, Python"
IT·프로그래밍,자바기반 안드로이드 앱 개발A_스마트,(주)베이직인터네셔널,1,2021,웹개발자,자바기반,JAVA
IT·프로그래밍,자바기반 안드로이드 앱 개발A_스마트,제이앤이,1,2021,벡앤드개발자,자바기반,JAVA
IT·프로그래밍,자바기반 안드로이드 앱 개발A_스마트,에이앤지테크놀로지,1,2021,개발자,자바기반,JAVA
IT·프로그래밍,"빅데이터 시각화(UI) 분석 전문가 양성과정(자바,파이썬, R)A(혼합훈련)-2",(주)밀버스,1,2021,데이터분석,빅데이터,"JAVA, JSP, SQL, Python"
IT·프로그래밍,㈜헤르스,CUBOX,1,2021,AI개발직무,㈜헤르스,"JAVA, HTML"
IT·프로그래밍,"빅데이터 시각화(UI) 분석 전문가 양성과정(자바,파이썬, R)A(혼합훈련)-2",(주)헤르스,1,2021,텍스트분석,빅데이터,"JAVA, JSP, SQL, Python"
IT·프로그래밍,"빅데이터 시각화(UI) 분석 전문가 양성과정(자바,파이썬, R)A(혼합훈련)-2",큐브릭디지털,1,2021,데이터담당,빅데이터,"JAVA, JSP, SQL, Python"
IT·프로그래밍,"빅데이터 시각화(UI) 분석 전문가 양성과정(자바,파이썬, R)A(혼합훈련)-2",코코네,1,2021,데이터분석,빅데이터,"JAVA, JSP, SQL, Python"
IT·프로그래밍,"빅데이터 시각화(UI) 분석 전문가 양성과정(자바,파이썬, R)A(혼합훈련)",베베소프트,1,2021,개발자,빅데이터,"JAVA, JSP, SQL, Python"
IT·프로그래밍,"빅데이터 시각화(UI) 분석 전문가 양성과정(자바,파이썬, R)A(혼합훈련)-2",㈜YTINS,1,2021,데이터가공 분석,빅데이터,"JAVA, JSP, SQL, Python"
IT·프로그래밍,자바기반 안드로이드 앱 개발,(주)투비소프트,1,2021,앱개발,자바기반,JAVA
IT·프로그래밍,자바기반 안드로이드 앱 개발A,(주)아크루즈,1,2021,자바개발,자바기반,JAVA
IT·프로그래밍,자바기반 안드로이드 앱 개발B,(주)씨앤에스솔루션,1,2021,RPA 개발자,자바기반,JAVA
IT·프로그래밍,자바기반 안드로이드 앱 개발A,윈즈시스템,1,2021,솔루션 개발,자바기반,JAVA
IT·프로그래밍,빅데이터분석기반 챗봇(Chatbot)시스템 개발과정,(주)레드테이블,1,2021,데이터 관리 및 분석,빅데이터분석기반,"JAVA, JSP, SQL, Python"
IT·프로그래밍,자바기반 안드로이드 앱 개발A,비아이매트릭스,1,2021,웹개발,자바기반,JAVA
IT·프로그래밍,자바기반 안드로이드 앱 개발B,레인보우브레인,1,2021,RPA 개발자,자바기반,JAVA
IT·프로그래밍,파이썬과 R을 활용한 빅데이터 분석 실무자 양성_혼합훈련,(주)글로벌리서치,1,2021,AI데이터 관리,파이썬과,Python
IT·프로그래밍,파이썬과 R을 활용한 빅데이터 분석 실무자 양성_혼합훈련,서울시스템,1,2021,"데이터 검수, 유지관리",파이썬과,Python
IT·프로그래밍,자바기반 안드로이드 앱 개발_혼합훈련,잘레시아,1,2021,웹/DW개발,자바기반,JAVA
IT·프로그래밍,파이썬과 R을 활용한 빅데이터 분석 실무자 양성_혼합훈련,(주)푸드테크,1,2021,클라이언트 응용프로그램 개발 및 유지보수,파이썬과,Python
IT·프로그래밍,파이썬과 R을 활용한 빅데이터 분석 실무자 양성_혼합훈련,스텝스주식회사,1,2021,텍스트 url 태깅,파이썬과,Python
IT·프로그래밍,빅데이터분석&플랫폼개발자양성,이너웨이브,1,2021,데이터분석,빅데이터분석&플랫폼개발자양성,"JAVA, JSP, SQL, Python"
IT·프로그래밍,빅데이터분석&플랫폼개발자양성,오솔정보통신,1,2021,데이터엔지니어,빅데이터분석&플랫폼개발자양성,"JAVA, JSP, SQL, Python"
IT·프로그래밍,빅데이터분석&플랫폼개발자양성,눈사람이노베이션,1,2021,데이터엔지니어,빅데이터분석&플랫폼개발자양성,"JAVA, JSP, SQL, Python"
IT·프로그래밍,빅데이터분석&플랫폼개발자양성,재이슨,1,2021,데이터분석,빅데이터분석&플랫폼개발자양성,"JAVA, JSP, SQL, Python"
IT·프로그래밍,빅데이터분석&플랫폼개발자양성,보고정보통신,1,2021,웹개발및 유지보수,빅데이터분석&플랫폼개발자양성,"JAVA, JSP, SQL, Python"
IT·프로그래밍,빅데이터분석기반 챗봇(Chatbot)시스템 개발과정,(주)새롬정보시스템,1,2021,"시스템 개발, 유지 보수",빅데이터분석기반,"JAVA, JSP, SQL, Python"
IT·프로그래밍,자바기반 안드로이드 앱 개발_혼합훈련,아이오트리에,1,2021,SI개발자,자바기반,JAVA
IT·프로그래밍,자바기반 웹 개발자 양성,(주)씨아이템프러리,1,2021,인바운드 대출심사,자바기반,JAVA
IT·프로그래밍,파이썬과 R을 활용한 빅데이터 분석 실무자 양성_혼합훈련,(주)솔루더스,1,2021,빅데이터 개발,파이썬과,Python
IT·프로그래밍,파이썬과 R을 활용한 빅데이터 분석 실무자 양성_혼합훈련,위드마인드,1,2021,빅데이터 분석개발,파이썬과,Python
IT·프로그래밍,빅데이터분석기반 챗봇(Chatbot)시스템 개발과정,(주)마루HR,1,2021,데이터 관리,빅데이터분석기반,"JAVA, JSP, SQL, Python"
IT·프로그래밍,빅데이터분석기반 챗봇(Chatbot)시스템 개발과정,(주)미디어그룹사람과숲,1,2021,"기획, 데이터 관리",빅데이터분석기반,"JAVA, JSP, SQL, Python"
IT·프로그래밍,"빅데이터 시각화(UI) 분석 전문가 양성과정(자바,파이썬, R)A(혼합훈련)",송현엠앤티,1,2021,회사 업무 전반,빅데이터,"JAVA, JSP, SQL, Python"
IT·프로그래밍,자바기반 안드로이드 앱 개발B_스마트,비버소프트,1,2021,웹개발,자바기반,JAVA
IT·프로그래밍,자바기반 안드로이드 앱 개발B_스마트,토피도,1,2021,솔루션개발,자바기반,JAVA
IT·프로그래밍,빅데이터분석&플랫폼개발자양성,(주)화이트스캔,1,2021,웹개발,빅데이터분석&플랫폼개발자양성,"JAVA, JSP, SQL, Python"
IT·프로그래밍,"빅데이터 UI 전문가 양성(파이썬,R)",데이터마케팅코리아,1,2021,데이터컨설턴트,빅데이터,"JAVA, JSP, SQL, Python"
IT·프로그래밍,빅데이터분석 & 플랫폼 개발자 양성,에이티웍스,1,2021,웹개발,빅데이터분석,"JAVA, JSP, SQL, Python"
IT·프로그래밍,안드로이드&IOS 앱 개발자 양성B,더리얼마케팅,1,2021,웹개발,안드로이드&IOS,"안드로이드,IOS"
IT·프로그래밍,빅데이터 플랫폼 구축(하둡)과 빅데이터분석,주식회사다올앤컴퍼니,1,2021,자바개발자,빅데이터,"JAVA, JSP, SQL, Python"
IT·프로그래밍,안드로이드&IOS 앱 개발자 양성B,이나인페이,1,2021,웹개발,안드로이드&IOS,"안드로이드,IOS"
IT·프로그래밍,빅데이터분석&플랫폼개발자양성,에이비에스컨설팅,1,2021,웹개발,빅데이터분석&플랫폼개발자양성,"JAVA, JSP, SQL, Python"
IT·프로그래밍,빅데이터분석&플랫폼개발자양성,에이비에스컨설팅,1,2021,웹개발,빅데이터분석&플랫폼개발자양성,"JAVA, JSP, SQL, Python"
IT·프로그래밍,빅데이터분석&플랫폼개발자양성,아이투유씨엔에스,1,2021,빅데이터분석,빅데이터분석&플랫폼개발자양성,"JAVA, JSP, SQL, Python"
IT·프로그래밍,안드로이드&IOS앱개발자양성_A,솔터,1,2021,IOS개발자,안드로이드&IOS앱개발자양성_A,"안드로이드,IOS"
IT·프로그래밍,자바(JAVA) 웹개발&앱개발(안드로이드)개발자 과정_혼합훈련,바야바즈,1,2021,데이터분석,자바(JAVA),JAVA
IT·프로그래밍,"빅데이터UI전문가양성(파이썬,R)_혼합훈련B",유씨시스템,1,2021,웹개발,"빅데이터UI전문가양성(파이썬,R)_혼합훈련B","Python, R"
IT·프로그래밍,빅데이터분석기반 챗봇(Chatbot)시스템 개발과정,(주)씨이랩,1,2021,선행기술연구소 비전팀 연구원,빅데이터분석기반,"JAVA, JSP, SQL, Python"
IT·프로그래밍,자바기반 안드로이드 앱 개발_혼합훈련,(주)정민전자,1,2021,전자부품조립,자바기반,JAVA
IT·프로그래밍,웹디자인(웹퍼블리셔)프론트앤드 실무자 양성B,(주)유앤아이소프트,1,2021,자바개발자,웹디자인(웹퍼블리셔)프론트앤드,"HTML, CSS, JSP"
IT·프로그래밍,"빅데이터 UI전문가 양성(파이썬,R)",오프너드,1,2021,기술지원,빅데이터,"JAVA, JSP, SQL, Python"
IT·프로그래밍,"빅데이터 UI 전문가 양성(파이썬,R)",자이오넥스,1,2021,개발&컨설팅,빅데이터,"JAVA, JSP, SQL, Python"
IT·프로그래밍,웹&앱개발(안드로이드)전문가양성과정,한양설비엔지니어링,1,2021,적산,웹&앱개발(안드로이드)전문가양성과정,"JAVA, 안드로이드"
IT·프로그래밍,스마트웹디자인(UI/UX) 콘텐츠개발(웹퍼블리셔),AIS,1,2021,프론트엔드개발자,스마트웹디자인(UI/UX),JAVA
IT·프로그래밍,안드로이드&IOS 앱 개발자 양성과정_B,케이로보컴퍼니,1,2021,앱개발자,안드로이드&IOS,"안드로이드,IOS"
IT·프로그래밍,"빅데이터 시각화(UI) 분석 전문가 양성과정(자바,파이썬, R)A(혼합훈련)",우아한청년들,1,2021,B마트 지점관리,빅데이터,"JAVA, JSP, SQL, Python"
IT·프로그래밍,안드로이드&IOS앱개발자양성과정B,(주)위블,1,2021,앱 개발,안드로이드&IOS앱개발자양성과정B,"안드로이드,IOS"
IT·프로그래밍,자바기반안드로이드앱개발B_스마트 - 1,뉴런,1,2021,백엔드 개발자,자바기반안드로이드앱개발B_스마트,"JAVA, 안드로이드"
IT·프로그래밍,빅데이터분석&플랫폼개발자양성과정,(주)에이비에스컨설팅,1,2021,소프트웨어개발자,빅데이터분석&플랫폼개발자양성과정,"JAVA, JSP, SQL, Python"
IT·프로그래밍,빅데이터분석&플랫폼개발자양성과정,(주)에이비에스컨설팅,1,2021,소프트웨어개발자,빅데이터분석&플랫폼개발자양성과정,"JAVA, JSP, SQL, Python"
IT·프로그래밍,"빅데이터 시각화 분석 전문가 양성과정(자,파,R) A 혼합훈련 - 2",(주)링커,1,2021,백엔드 개발자,빅데이터,"JAVA, JSP, SQL, Python"
IT·프로그래밍,"빅데이터 시각화 분석 전문가 양성과정(자,파,R) A 혼합훈련 - 2",㈜로딕스,1,2021,개발자,빅데이터,"JAVA, JSP, SQL, Python"
IT·프로그래밍,자바기반 안드로이드 앱 개발_D,아이티파트너스,1,2021,웹개발자,자바기반,JAVA
IT·프로그래밍,빅데이터UI전문가양성,아키브소프트,1,2021,빅데이터구축,빅데이터UI전문가양성,"JAVA, JSP, SQL, Python"
IT·프로그래밍,빅데이터 UI 전문가 양성 과정,알에스엔,1,2021,소셜 데이터분석,빅데이터,"JAVA, JSP, SQL, Python"
IT·프로그래밍,자바기반 안드로이드 앱 개발_혼합훈련,자이언트솔루션,1,2021,웹 개발자,자바기반,JAVA
IT·프로그래밍,"정보보안(시스템,네트워크)분석전문가과정(모의해킹)",(주)한비로,1,2021,리눅스서버운영관리,"정보보안(시스템,네트워크)분석전문가과정(모의해킹)","시스템, 네트워크, DBMS, JAVA"
IT·프로그래밍,자바(JAVA) 웹개발&앱개발(안드로이드)개발자 과정_혼합훈련,데이터로직스,1,2021,백엔드개발자,자바(JAVA),JAVA
IT·프로그래밍,"빅데이터 분석을 위한 AI(머신러닝,딥러닝)응용소프트웨어 개발자 B",(주)인콘,1,2021,IT사업관리,빅데이터,"JAVA, JSP, SQL, Python"
IT·프로그래밍,웹&앱개발(안드로이드)전문가양성과정 B,(주)스탠스,1,2021,SW 연구개발 및 관련 업무 일체,웹&앱개발(안드로이드)전문가양성과정,"JAVA, 안드로이드"
IT·프로그래밍,자바(JAVA) 웹개발&앱개발(안드로이드)개발자 과정_혼합훈련,임픽스,1,2021,백엔드개발자,자바(JAVA),JAVA
IT·프로그래밍,웹&앱개발(안드로이드)전문가양성과정 B,두베,1,2021,앱 개발자,웹&앱개발(안드로이드)전문가양성과정,"JAVA, 안드로이드"
IT·프로그래밍,빅데이터 & 플랫폼 개발자A,서울시스템주식회사,1,2021,자바개발자,빅데이터,"JAVA, JSP, SQL, Python"
IT·프로그래밍,"빅데이터 UI 전문가 양성(파이썬, R) A",주앙옴므(JIAN HOMME),1,2021,"재고관리, CS, MD 등 총괄업무",빅데이터,"JAVA, JSP, SQL, Python"
IT·프로그래밍,자바기반 안드로이드 앱 개발,(주)키텍,1,2021,웹개발,자바기반,JAVA
IT·프로그래밍,전자정부 표준 프레임워크 응용SW개발자 양성,(주)온앤온정보시스템,1,2021,웹개발,전자정부,"JAVA, JSP, JQuery"
IT·프로그래밍,자바기반 안드로이드 앱 개발B,한국스코어링(주),1,2021,RPA 개발자,자바기반,JAVA
IT·프로그래밍,자바기반 안드로이드 앱 개발_혼합훈련,(주)베스티안소프트,1,2021,웹 개발자,자바기반,JAVA
IT·프로그래밍,자바기반 안드로이드 앱 개발_혼합훈련,주식회사 빅코드,1,2021,앱개발,자바기반,JAVA
IT·프로그래밍,자바기반 안드로이드 앱 개발_D,이패스(주),1,2021,웹개발,자바기반,JAVA
IT·프로그래밍,자바기반 안드로이드 앱 개발_D,아이티젠,1,2021,앱개발,자바기반,JAVA
IT·프로그래밍,자바기반 안드로이드 앱 개발_A,IBM테크놀로지,1,2021,IT 기업,자바기반,JAVA
IT·프로그래밍,자바기반 안드로이드 앱 개발_A,삼호교역,1,2021,영업관리,자바기반,JAVA
IT·프로그래밍,자바기반 안드로이드 앱 개발,얄라팩토리,1,2021,패키지,자바기반,JAVA
IT·프로그래밍,파이썬과 R을 활용한 빅데이터 분석 실무자 양성_혼합훈련,차케어,1,2021,데이터분석,파이썬과,Python
IT·프로그래밍,파이썬과 R을 활용한 빅데이터 분석 실무자 양성_혼합훈련,동아시아연구원,1,2021,IT담당(자바개발),파이썬과,Python
IT·프로그래밍,전자정부 표준 프레임워크 응용SW개발자 양성,(주)오웬스그룹,1,2021,백엔드,전자정부,"JAVA, JSP, JQuery"
IT·프로그래밍,웹&앱개발(안드로이드)전문가양성과정 B,(주)제머나이소프트,1,2021,자바솔루션 개발,웹&앱개발(안드로이드)전문가양성과정,"JAVA, 안드로이드"
IT·프로그래밍,자바기반 안드로이드 앱 개발_혼합훈련,(주)토피아정보기술,1,2021,자바 개발자,자바기반,JAVA
IT·프로그래밍,자바기반 안드로이드 앱 개발_혼합훈련,(주)커머스톤 컨설팅,1,2021,솔루션 사업부,자바기반,JAVA
IT·프로그래밍,파이썬과 R을 활용한 빅데이터 분석 실무자 양성_혼합훈련,엔지스,1,2021,자바개발자,파이썬과,Python
IT·프로그래밍,자바(JAVA) 웹개발&앱개발(안드로이드)개발자 과정,인터페이스정보기술,1,2021,자바개발자,자바(JAVA),JAVA
IT·프로그래밍,전자정부 표준 프레임워크 응용SW개발자 양성,아이티아이즈,1,2021,자바개발자,전자정부,"JAVA, JSP, JQuery"
IT·프로그래밍,"빅데이터 UI 전문가 양성(파이썬, R) A",한국인재평가연구소,1,2021,"데이터 분석, 웹 퍼블리셔, 콘텐츠 기획",빅데이터,"JAVA, JSP, SQL, Python"
IT·프로그래밍,웹&앱개발(안드로이드)전문가양성과정 B,(주)울림인터렉티브,1,2021,웹/앱개발,웹&앱개발(안드로이드)전문가양성과정,"JAVA, 안드로이드"
IT·프로그래밍,"빅데이터UI전문가양성(파이썬,R)_혼합훈련A",주식회사파이브코퍼레이션,1,2021,백앤드/DB관리,"빅데이터UI전문가양성(파이썬,R)_혼합훈련A","Python, R"
IT·프로그래밍,"파이썬,R기반 빅데이터플랫폼 개발자 A",알비소프트,1,2021,솔루션엔지니어,"파이썬,R기반","Python, R"
IT·프로그래밍,자바(JAVA) 웹개발&앱개발(안드로이드)개발자 과정,에이템시스템,1,2021,웹개발자,자바(JAVA),JAVA
IT·프로그래밍,자바기반 안드로이드 앱 개발_혼합훈련,위메진소프트,1,2021,프로그래밍,자바기반,JAVA
IT·프로그래밍,안드로이드&IOS 앱 개발자 양성과정_B,민트팟,1,2021,IOS앱개발,안드로이드&IOS,"안드로이드,IOS"
IT·프로그래밍,빅데이터 & 플랫폼 개발자A,KC솔라&에너지,1,2021,빅데이터 관리,빅데이터,"JAVA, JSP, SQL, Python"
IT·프로그래밍,안드로이드&IOS 앱 개발자 양성_B,케이사인,1,2021,모바일 앱 개발자,안드로이드&IOS,"안드로이드,IOS"
IT·프로그래밍,파이썬을 활용한 빅데이터분석 전문가,노리스페이스(NoriS),1,2021,인공지능 모델개발,파이썬을,Python 
IT·프로그래밍,파이썬을 활용한 빅데이터분석 전문가,스위스포트코리아(주),1,2021,여객운송(탑승수속),파이썬을,Python 
IT·프로그래밍,안드로이드&IOS 앱 개발자 양성_B,오에스컴퍼니스,1,2021,앱개발,안드로이드&IOS,"안드로이드,IOS"
IT·프로그래밍,안드로이드&IOS 앱 개발자 양성_B,오에스컴퍼니스,1,2021,앱 개발,안드로이드&IOS,"안드로이드,IOS"
IT·프로그래밍,안드로이드&IOS 앱 개발자 양성_A,캐스트폭스,1,2021,IOS 앱개발,안드로이드&IOS,"안드로이드,IOS"
IT·프로그래밍,"빅데이터 UI 전문가 양성(파이썬, R)",(주)휴네이처,1,2021,개발자,빅데이터,"JAVA, JSP, SQL, Python"
IT·프로그래밍,안드로이드&IOS 앱 개발자 양성B,커넥트에듀,1,2021,교육 용 웹앱개발,안드로이드&IOS,"안드로이드,IOS"
IT·프로그래밍,안드로이드&IOS 앱 개발자 양성_B,(주)퍼플오션,1,2021,안드/IOS 앱 개발,안드로이드&IOS,"안드로이드,IOS"
IT·프로그래밍,안드로이드&IOS 앱 개발자 양성_B,스노우온카드,1,2021,앱 개발,안드로이드&IOS,"안드로이드,IOS"
IT·프로그래밍,"빅데이터 UI 전문가 양성(파이썬,R)",앱실론 코퍼레이션,1,2021,AM(퍼포먼스 마케터),빅데이터,"JAVA, JSP, SQL, Python"
IT·프로그래밍,자바(JAVA) 웹개발&앱개발(안드로이드)개발자,가인정보처리,1,2021,웹개발자,자바(JAVA),JAVA
IT·프로그래밍,안드로이드&IOS 앱 개발자 양성과정_B,레츠데브,1,2021,IOS앱개발,안드로이드&IOS,"안드로이드,IOS"
IT·프로그래밍,"빅데이터 분석을 위한 AI(머신러닝,딥러닝)응용소프트웨어 개발자 B",(주)오피스허브,1,2021,쇼핑몰 개발팀,빅데이터,"JAVA, JSP, SQL, Python"
IT·프로그래밍,안드로이드&IOS 앱 개발자 양성과정_B,스냅태그,1,2021,IOS앱 개발,안드로이드&IOS,"안드로이드,IOS"
IT·프로그래밍,"파이썬,R기반 빅데이터플랫폼 개발자",엔인,1,2021,웹개발자,"파이썬,R기반","Python, R"
IT·프로그래밍,웹디자인(웹퍼블리셔)프론트앤드실무자양성_A,이패스,1,2021,개발자,웹디자인(웹퍼블리셔)프론트앤드실무자양성_A,"JAVA, HTML, CSS, JSP"
IT·프로그래밍,자바기반 스프링프레임워크 웹&앱(안드로이드) 응용SW개발자 양성과정,세움웹,1,2021,웹개발,자바기반,JAVA
IT·프로그래밍,자바기반 안드로이드개발,이엑스마루,1,2021,모바일개발자,자바기반,JAVA
IT·프로그래밍,자바기반 안드로이드개발,지스인포넷,1,2021,웹유지보수,자바기반,JAVA
IT·프로그래밍,빅데이터분석&플랫폼 개발자_혼합훈련,(주)크리에이팁,1,2021,디지털마케팅,빅데이터분석&플랫폼,"JAVA, JSP, SQL, Python,플랫폼"
IT·프로그래밍,안드로이드&IOS 앱 개발자 양성과정_B,드림시큐리티,1,2021,IOS/Android 개발,안드로이드&IOS,"안드로이드,IOS"
IT·프로그래밍,안드로이드&IOS 앱 개발자 양성과정_B,파워젠,1,2021,풀스택(프론트엔드+백엔드)개발자,안드로이드&IOS,"안드로이드,IOS"
IT·프로그래밍,웹디자인(웹퍼블리셔)UI/UX 프론트앤드 양성과정,(주)BRIGHANT,1,2021,개발자,웹디자인(웹퍼블리셔)UI/UX,"HTML, CSS, JSPJAVA"
IT·프로그래밍,빅데이터분석기반 챗봇(Chatbot)시스템 개발과정,(주)넥스트아이씨티,1,2021,개발자,빅데이터분석기반,"JAVA, JSP, SQL, Python"
IT·프로그래밍,"빅데이터 UI 전문가 양성(파이썬, R) A",(주)라온마인드,1,2021,웹 개발자,빅데이터,"JAVA, JSP, SQL, Python"
IT·프로그래밍,빅데이터분석기반 챗봇(Chatbot)시스템 개발과정,한국기원,1,2021,행정업무 총괄,빅데이터분석기반,"JAVA, JSP, SQL, Python"
IT·프로그래밍,웹&앱개발(안드로이드)전문가양성과정 B,우주넷,1,2021,서버개발자,웹&앱개발(안드로이드)전문가양성과정,"JAVA, 안드로이드"
IT·프로그래밍,웹&앱개발(안드로이드)전문가양성과정 B,서서울생활과학고등학교,1,2021,행정담당자,웹&앱개발(안드로이드)전문가양성과정,"JAVA, 안드로이드"
IT·프로그래밍,웹&앱개발(안드로이드)전문가양성과정 B,(주)DK에코팜,1,2021,웹 개발자,웹&앱개발(안드로이드)전문가양성과정,"JAVA, 안드로이드"
IT·프로그래밍,"빅데이터 UI 전문가 양성(파이썬, R) A",쿠팡풀필먼트서비스(유),1,2021,데이터 관리(엑셀),빅데이터,"JAVA, JSP, SQL, Python"
IT·프로그래밍,"빅데이터 UI 전문가 양성(파이썬, R)",(주)영림원소프트랩,1,2021,"국비교육과정 교육센터, 공공사업팀 연구원",빅데이터,"JAVA, JSP, SQL, Python"
IT·프로그래밍,빅데이터분석기반 챗봇(Chatbot)시스템 개발과정,(주)에스제이테크놀로지,1,2021,개발자,빅데이터분석기반,"JAVA, JSP, SQL, Python"
IT·프로그래밍,안드로이드&IOS 앱개발자양성과정_B,이그레브,1,2021,IOS앱개발자,안드로이드&IOS,"안드로이드,IOS"
IT·프로그래밍,빅데이터분석&플랫폼 개발자,(주)제이투아이씨,1,2021,데이터 플랫폼 구축 및 데이터 분석,빅데이터분석&플랫폼,"JAVA, JSP, SQL, Python,플랫폼"
IT·프로그래밍,안드로이드&IOS 앱개발자 양성과정_A,건국대학교 의료정보팀,1,2021,ERP 파트(전산),안드로이드&IOS,"안드로이드,IOS"
IT·프로그래밍,자바기반 안드로이드 앱 개발B,제이비티,1,2021,웹개발,자바기반,JAVA
IT·프로그래밍,자바기반 안드로이드개발,주식회사 플리,1,2021,웹개발,자바기반,JAVA
IT·프로그래밍,웹디자인(웹퍼블리셔)프론트앤드실무자양성_A,버블비,1,2021,퍼블리셔,웹디자인(웹퍼블리셔)프론트앤드실무자양성_A,"JAVA, HTML, CSS, JSP"
IT·프로그래밍,"빅데이터 UI 전문가 양성(파이썬,R)",영림원 소프트랩,1,2021,데이터분석,빅데이터,"JAVA, JSP, SQL, Python"
IT·프로그래밍,"파이썬,R기반 빅데이터플랫폼 개발자",(주)루나랩스,1,2021,자바개발자,"파이썬,R기반","Python, R"
IT·프로그래밍,자바기반 안드로이드 앱 개발_A,(주)리서치앤리서치,1,2021,IT개발,자바기반,JAVA
IT·프로그래밍,빅데이터 & 플랫폼 개발자,(주)섹타나인,1,2021,"신사업기획, 전략, 경영관리",빅데이터,"JAVA, JSP, SQL, Python"
IT·프로그래밍,자바기반 안드로이드 앱 개발 B,라임컴퍼니,1,2021,백엔드 개발,자바기반,JAVA
IT·프로그래밍,자바기반 안드로이드 앱 개발_혼합훈련,노아에스앤씨(주),1,2021,하이브리드앱개발,자바기반,JAVA
IT·프로그래밍,파이썬과 R을 활용한 빅데이터 분석 실무자 양성,협화산업,1,2021,제조업,파이썬과,Python
IT·프로그래밍,자바기반 스프링프레임워크 웹&앱(안드로이드) 응용SW개발자 양성과정,노아에스앤씨(주),1,2021,JAVA개발,자바기반,JAVA
IT·프로그래밍,빅데이터분석기반 챗봇(Chatbot)시스템 개발과정,이지케어텍 주식회사,1,2021,의료정보시스템 종합관리,빅데이터분석기반,"JAVA, JSP, SQL, Python"
IT·프로그래밍,웹&앱개발(안드로이드)전문가양성과정,(주)이노룰스,1,2021,솔루션서비스팀,웹&앱개발(안드로이드)전문가양성과정,"JAVA, 안드로이드"
IT·프로그래밍,자바기반 안드로이드 앱 개발 B,유니전스,1,2021,웹개발,자바기반,JAVA
IT·프로그래밍,웹&앱개발(안드로이드)전문가양성과정,아이코인넷,1,2021,ios개발자,웹&앱개발(안드로이드)전문가양성과정,"JAVA, 안드로이드"
IT·프로그래밍,"정보보안(네트워크,서버)엔지니어 양성과정",(주)와치텍,1,2021,보안 솔루션엔지니어,"정보보안(네트워크,서버)엔지니어","네트워크, 서버"
IT·프로그래밍,자바기반 안드로이드 앱 개발_혼합훈련,아주대학교의료원,1,2021,실시간 임상근거 제공네트워크플랫폼개발,자바기반,JAVA
IT·프로그래밍,"정보보안(네트워크,서버)엔지니어 양성과정",(주)노브레이크,1,2021,취약점분석,"정보보안(네트워크,서버)엔지니어","네트워크, 서버"
IT·프로그래밍,"빅데이터 분석을 위한 AI(머신러닝,딥러닝)응용소프트웨어 개발자",(주)오투오즈,1,2021,웹 백엔드 개발,빅데이터,"JAVA, JSP, SQL, Python"
IT·프로그래밍,"빅데이터 UI 전문가 양성(파이썬,R)",(주)유유제약,1,2020,영업,빅데이터,"JAVA, JSP, SQL, Python"
IT·프로그래밍,스마트웹디자인(UI/UX)콘텐츠개발,키인사이드,1,2021,플랫폼 소프트웨어 개발,스마트웹디자인(UI/UX)콘텐츠개발,JAVA
IT·프로그래밍,자비기반안드로이드앱개발A,엠투엠글로벌,1,2021,운영지원,자비기반안드로이드앱개발A,"JAVA, 안드로이드"
IT·프로그래밍,빅데이터 분석 & 플랫폼 개발자,(주)테크디엔에이,1,2021,시스템개발,빅데이터,"JAVA, JSP, SQL, Python"
IT·프로그래밍,자바기반 안드로이드 앱개발D,믹스디(주),1,2021,Java Spring 개발자,자바기반,JAVA
IT·프로그래밍,게임프로그래밍개발자 양성과정(유니티),서울신문,1,2021,편집국 정보행정팀,게임프로그래밍개발자,"JAVA, HTML"
IT·프로그래밍,웹&앱개발(안드로이드)전문가양성과정,넵,1,2021,프론트엔드 개발자,웹&앱개발(안드로이드)전문가양성과정,"JAVA, 안드로이드"
IT·프로그래밍,웹&앱개발(안드로이드)전문가양성과정,KCC정보통신,1,2020,자바개발자,웹&앱개발(안드로이드)전문가양성과정,"JAVA, 안드로이드"
IT·프로그래밍,"정보보안(네트워크,서버)엔지니어 양성과정",이글루시큐리티,1,2021,보안관제,"정보보안(네트워크,서버)엔지니어","네트워크, 서버"
IT·프로그래밍,"파이썬,R기반 빅데이터플랫폼 개발자",한국에너지공단,1,2020,PM,"파이썬,R기반","Python, R"
IT·프로그래밍,빅데이터 분석 & 플랫폼 개발자,주식회사 교원에듀,1,2021,학습개발팀,빅데이터,"JAVA, JSP, SQL, Python"
IT·프로그래밍,자바기반 스마트웹 SW개발자 양성과정,사이버이메지네이션,1,2020,SI개발,자바기반,JAVA
IT·프로그래밍,안드로이드&IOS 앱 개발자 양성 A,(주)유인원테크,1,2021,자바 서버 개발,안드로이드&IOS,"안드로이드,IOS"
IT·프로그래밍,자바기반안드로이드앱개발,윈드밀소프트,1,2021,웹개발,자바기반안드로이드앱개발,"JAVA, 안드로이드"
IT·프로그래밍,자바기반안드로이드앱개발,한국해양기상기술,1,2021,JAVA/JSP개발,자바기반안드로이드앱개발,"JAVA, 안드로이드"
IT·프로그래밍,자바기반안드로이드앱개발,앤커웨이브,1,2021,개발,자바기반안드로이드앱개발,"JAVA, 안드로이드"
IT·프로그래밍,자바기반안드로이드앱개발,(주)에스티,1,2021,자바개발,자바기반안드로이드앱개발,"JAVA, 안드로이드"
IT·프로그래밍,자바기반안드로이드앱개발,홀리츠,1,2021,개발,자바기반안드로이드앱개발,"JAVA, 안드로이드"
IT·프로그래밍,자바기반안드로이드앱개발,상록에스,1,2021,자바개발자,자바기반안드로이드앱개발,"JAVA, 안드로이드"
IT·프로그래밍,자바기반안드로이드앱개발,리앙커뮤니케이션즈,1,2021,웹개발,자바기반안드로이드앱개발,"JAVA, 안드로이드"
IT·프로그래밍,자바기반안드로이드앱개발,(주)솔리데오시스템즈,1,2021,자바개발자,자바기반안드로이드앱개발,"JAVA, 안드로이드"
IT·프로그래밍,자바기반안드로이드앱개발,메타넷대우정보(주),1,2021,개발,자바기반안드로이드앱개발,"JAVA, 안드로이드"
IT·프로그래밍,자바기반안드로이드앱개발,주식회사 플리,1,2021,웹개발,자바기반안드로이드앱개발,"JAVA, 안드로이드"
IT·프로그래밍,"빅데이터 UI 전문가 양성(파이썬, R) A",(주)임픽스,1,2021,데이터 분석 솔루션 개발,빅데이터,"JAVA, JSP, SQL, Python"
IT·프로그래밍,"빅데이터UI전문가양성과정(파이썬,R)",주식회사 이베리타임,1,2021,기술개발,"빅데이터UI전문가양성과정(파이썬,R)","JAVA, JSP, SQL, Python"
IT·프로그래밍,웹&앱개발(안드로이드)전문가양성과정,라이너스,1,2021,자바개발자,웹&앱개발(안드로이드)전문가양성과정,"JAVA, 안드로이드"
IT·프로그래밍,"파이썬,R기반 빅데이터플랫폼 개발자",(주)루나랩스,1,2021,백엔드개발자,"파이썬,R기반","Python, R"
IT·프로그래밍,웹&앱개발(안드로이드)전문가양성과정,(주)믹스디,1,2021,프론트엔드개발자,웹&앱개발(안드로이드)전문가양성과정,"JAVA, 안드로이드"
IT·프로그래밍,웹&앱개발(안드로이드)전문가양성과정,믹스디(주),1,2021,자바개발자,웹&앱개발(안드로이드)전문가양성과정,"JAVA, 안드로이드"
IT·프로그래밍,안드로이드&IOS 앱 개발자 양성 A,네오트리코리아,1,2020,안드로이드 앱 개발,안드로이드&IOS,"안드로이드,IOS"
IT·프로그래밍,빅데이터 & 플랫폼 개발자,(주)써티웨어,1,2020,데이터 관리 및 플랫폼 개발,빅데이터,"JAVA, JSP, SQL, Python"
IT·프로그래밍,웹&앱개발(안드로이드)전문가양성과정 A,(주)위드정보,1,2021,경영관리,웹&앱개발(안드로이드)전문가양성과정,"JAVA, 안드로이드"
IT·프로그래밍,"빅데이터 분석을 위한 AI(머신러닝,딥러닝)응용소프트웨어 개발자",(주)이노씨앤에스,1,2020,연구원,빅데이터,"JAVA, JSP, SQL, Python"
IT·프로그래밍,빅데이터 & 플랫폼 개발자,(주)아이비즈 소프트웨어,1,2021,자바개발자,빅데이터,"JAVA, JSP, SQL, Python"
IT·프로그래밍,"빅데이터UI전문가양성과정(파이썬,R)",AI4Blockchain,1,2020,웹/앱개발,"빅데이터UI전문가양성과정(파이썬,R)","JAVA, JSP, SQL, Python"
IT·프로그래밍,빅데이터 분석 & 플랫폼 개발자,워트인텔리전트,1,2020,데이터 엔지니어,빅데이터,"JAVA, JSP, SQL, Python"
IT·프로그래밍,빅데이터 분석 & 플랫폼 개발자,랜드넷,1,2021,SI,빅데이터,"JAVA, JSP, SQL, Python"
IT·프로그래밍,"정보보안(네트워크,서버)엔지니어 양성과정",줌 인터넷,1,2020,데이터 가공,"정보보안(네트워크,서버)엔지니어","네트워크, 서버"
IT·프로그래밍,빅데이터 & 플랫폼 개발자,인포와이즈,1,2021,마스터 데이터 관리업무,빅데이터,"JAVA, JSP, SQL, Python"
IT·프로그래밍,빅데이터 분석 & 플랫폼 개발자,코어소프트,1,2020,AI 개발,빅데이터,"JAVA, JSP, SQL, Python"
IT·프로그래밍,웹&앱개발(안드로이드)전문가양성과정,(주)오앤이교육,1,2020,프론트앤드,웹&앱개발(안드로이드)전문가양성과정,"JAVA, 안드로이드"
IT·프로그래밍,"정보보안(네트워크,서버)엔지니어 양성과정",신우정보기술,1,2020,보안장비 엔지니어,"정보보안(네트워크,서버)엔지니어","네트워크, 서버"
IT·프로그래밍,"정보보안(네트워크,서버)엔지니어 양성과정",한샘,1,2020,목공,"정보보안(네트워크,서버)엔지니어","네트워크, 서버"
IT·프로그래밍,"빅데이터 시각화(UI) 분석 전문가 양성과정(자바,파이썬, R)A(혼합훈련)",Reazon holdings,1,2021,마케팅,빅데이터,"JAVA, JSP, SQL, Python"
IT·프로그래밍,웹&앱개발(안드로이드)전문가양성과정,더브릿지소프트,1,2020,웹개발자,웹&앱개발(안드로이드)전문가양성과정,"JAVA, 안드로이드"
IT·프로그래밍,자비기반안드로이드앱개발D,가이스트코리아,1,2020,개발,자비기반안드로이드앱개발D,"JAVA, 안드로이드"
IT·프로그래밍,"정보보안(네트워크,서버)엔지니어 양성과정",ktnf,1,2020,네트워크,"정보보안(네트워크,서버)엔지니어","네트워크, 서버"
IT·프로그래밍,스마트플랫폼기반웹&앱(UI/UX)콘텐츠개발,스윙바이,1,2020,풀스텍개발자,스마트플랫폼기반웹&앱(UI/UX)콘텐츠개발,"안드로이드, IOS, JAVA, HTML"
IT·프로그래밍,"파이썬,R기반 빅데이터플랫폼 개발자",데이터택,1,2020,웹개발자,"파이썬,R기반","Python, R"
IT·프로그래밍,"파이썬,R기반 빅데이터플랫폼 개발자",한울아이씨티,1,2020,웹개발,"파이썬,R기반","Python, R"
IT·프로그래밍,"파이썬,R기반 빅데이터플랫폼 개발자",아주대학교,1,2020,바이오데이터 구축,"파이썬,R기반","Python, R"
IT·프로그래밍,스마트플랫폼기반웹&앱(UI/UX)콘텐츠개발,해커스교육그룹(본사),1,2020,웹개발,스마트플랫폼기반웹&앱(UI/UX)콘텐츠개발,"안드로이드, IOS, JAVA, HTML"
IT·프로그래밍,"정보보안(네트워크,서버)엔지니어 양성과정",시큐맵,1,2020,서버엔지니어,"정보보안(네트워크,서버)엔지니어","네트워크, 서버"
IT·프로그래밍,웹&앱개발 안드로이드 전문가 양성과정,한샘,1,2021,웹개발,웹&앱개발," , 안드로이드, IOS, JAVA, HTML"
IT·프로그래밍,안드로이드&IOS 앱 개발자 양성A,잘레시아,1,2021,BI컨설팅/개발,안드로이드&IOS,"안드로이드,IOS"
IT·프로그래밍,웹디자인(웹퍼블리셔)프론트앤드실무자양성_A,갤럭시소프트,1,2020,웹퍼블리셔,웹디자인(웹퍼블리셔)프론트앤드실무자양성_A,"JAVA, HTML, CSS, JSP"
IT·프로그래밍,웹디자인(웹퍼블리셔)프론트앤드실무자양성_A,라이언코퍼레이션,1,2020,웹개발,웹디자인(웹퍼블리셔)프론트앤드실무자양성_A,"JAVA, HTML, CSS, JSP"
IT·프로그래밍,안드로이드&IOS 앱 개발자 양성A,(주)알파이글루,1,2020,자바개발자,안드로이드&IOS,"안드로이드,IOS"
IT·프로그래밍,"빅데이터UI전문가양성(파이썬,R)",포스켄,1,2020,빅데이터분석,"빅데이터UI전문가양성(파이썬,R)","Python, R"
IT·프로그래밍,"빅데이터 UI 전문가 양성(파이썬,R)",주식회사 애즈원,1,2020,개발,빅데이터,"JAVA, JSP, SQL, Python"
IT·프로그래밍,안드로이드&IOS 앱 개발자 양성 A,주식회사 이심기술,1,2020,SW 개발 (스마트팩토리 MS 분야),안드로이드&IOS,"안드로이드,IOS"
IT·프로그래밍,"빅데이터 UI 전문가 양성(파이썬, R)",주식회사 티디아이,1,2020,데이터 기획 및 솔루션 영업,빅데이터,"JAVA, JSP, SQL, Python"
IT·프로그래밍,빅데이터 분석을 위한 AI(머신러닝_딥러닝)응용소프트웨어 개발자,(주)매쓰클라우드,1,2020,시스템 개발,빅데이터,"JAVA, JSP, SQL, Python"
IT·프로그래밍,"빅데이터 UI 전문가 양성(파이썬,R)",(주)넥서스커뮤니티,1,2020,시스템 엔지니어,빅데이터,"JAVA, JSP, SQL, Python"
IT·프로그래밍,사물인터넷(IoT) 응용SW엔지니어 양성,씨큐브송도코딩국제학원,1,2020,코딩강사,사물인터넷(IoT),사물인터넷(IoT
IT·프로그래밍,"빅데이터분석을 위한 AI(머신러닝,딥러닝)응용소프트웨어 개발자",(주)새롬정보시스템,1,2020,AI빅데이터파트개발,빅데이터분석을,"JAVA, JSP, SQL, Python"
IT·프로그래밍,자비기반안드로이드앱개발D,스피링크,1,2020,프로그래밍 매니저,자비기반안드로이드앱개발D,"JAVA, 안드로이드"
IT·프로그래밍,"빅데이터분석을 위한 AI(머신러닝,딥러닝)응용소프트웨어 개발자",지모소프트,1,2020,개발자,빅데이터분석을,"JAVA, JSP, SQL, Python"
IT·프로그래밍,"빅데이터분석을 위한 AI(머신러닝,딥러닝)응용소프트웨어 개발자",(주)성진아이텍,1,2020,웹개발,빅데이터분석을,"JAVA, JSP, SQL, Python"
IT·프로그래밍,자바기반 안드로이드 앱 개발A,한국비앤에스시스템(주),1,2020,프로젝트 개발,자바기반,JAVA
IT·프로그래밍,자바기반 안드로이드 앱 개발A,심금,1,2020,백엔드 개발,자바기반,JAVA
IT·프로그래밍,자바기반 안드로이드앱개발A,(주)큐브릭디지털,1,2020,개발 연구,자바기반,JAVA
IT·프로그래밍,자바기반안드로이드앱개발D,씨케이앤비,1,2020,솔루션,자바기반안드로이드앱개발D,"JAVA, 안드로이드"
IT·프로그래밍,웹&앱개발(안드로이드)전문가양성과정,(주)데이타이음,1,2020,웹개발자,웹&앱개발(안드로이드)전문가양성과정,"JAVA, 안드로이드"
IT·프로그래밍,"빅데이터 UI 전문가 양성(파이썬,R)",씨에스에스로지스(주),1,2020,수출입화물 국내운송 영업 및 배차,빅데이터,"JAVA, JSP, SQL, Python"
IT·프로그래밍,자바기반 안드로이드 앱 개발D,메이드인헤븐,1,2020,웹 개발 및 운영,자바기반,JAVA
IT·프로그래밍,안드로이드&IOS 앱 개발자 양성_A,소프트랩스 알씨타운,1,2020,IOS 앱 개발자,안드로이드&IOS,"안드로이드,IOS"
IT·프로그래밍,자바기반 안드로이드 앱 A,위즈코리아,1,2020,SE시스템엔지니어,자바기반,JAVA
IT·프로그래밍,"빅데이터 분석을 위한 AI(머신러닝,딥러닝)응용소프트웨어 개발자",메이븐코리아,1,2020,데이터분석,빅데이터,"JAVA, JSP, SQL, Python"
IT·프로그래밍,"빅데이터분석을 위한 AI(머신러닝,딥러닝)응용소프트웨어 개발자",에프원테크시스템스,1,2020,시스템개발,빅데이터분석을,"JAVA, JSP, SQL, Python"
IT·프로그래밍,자바기반 안드로이드앱개발,이지케어텍,1,2020,S/W개발,자바기반,JAVA
IT·프로그래밍,안드로이드&IOS 앱 개발자 양성_A,NXM,1,2020,안드로이드/IOS 앱 개발,안드로이드&IOS,"안드로이드,IOS"
IT·프로그래밍,"빅데이터 UI 전문가 양성(파이썬,R)",인텔리코드,1,2020,머신러닝 활용,빅데이터,"JAVA, JSP, SQL, Python"
IT·프로그래밍,웹디자인(웹퍼블리셔)프론트앤드실무자양성 A,(주)제이앤에이치,1,2020,웹 디자이너,웹디자인(웹퍼블리셔)프론트앤드실무자양성,"JAVA, HTML, CSS, JSP"
IT·프로그래밍,안드로이드&IOS 앱 개발자 양성A,휴먼토크,1,2020,웹개발,안드로이드&IOS,"안드로이드,IOS"
IT·프로그래밍,빅데이터 UI 전문가 양성,지니테크놀로지스,1,2020,금융소프트웨어(데이터베이스)개발 및 운영,빅데이터,"JAVA, JSP, SQL, Python"
IT·프로그래밍,"파이썬,R기반 빅데이터플랫폼 개발자",국방기술품질원,1,2020,연구원,"파이썬,R기반","Python, R"
IT·프로그래밍,게임프로그래밍개발자 양성과정(유니티),studio Lhang,1,2020,프로그래머(CF),게임프로그래밍개발자,"JAVA, HTML"
IT·프로그래밍,빅데이터 분석 & 플랫폼 개발자,(주)앤서,1,2020,빅데이터 시스템 구축 및 데이터분석 엔지니어,빅데이터,"JAVA, JSP, SQL, Python"
IT·프로그래밍,"파이썬,R기반 빅데이터플랫폼 개발자",쿠팡본사,1,2020,마케팅,"파이썬,R기반","Python, R"
IT·프로그래밍,"정보보안(네트워크,서버)엔지니어 양성과정",디오엔케이,1,2020,네트웨크엔지니어,"정보보안(네트워크,서버)엔지니어","네트워크, 서버"
IT·프로그래밍,웹&앱개발(안드로이드)전문가양성과정,가인정보처리,1,2020,자바개발자,웹&앱개발(안드로이드)전문가양성과정,"JAVA, 안드로이드"
IT·프로그래밍,"파이썬,R기반 빅데이터플랫폼 개발자",법정문서,1,2020,자바개발자,"파이썬,R기반","Python, R"
IT·프로그래밍,안드로이드&IOS 앱 개발자 양성_A,Apptest.ai,1,2020,앱 연구원,안드로이드&IOS,"안드로이드,IOS"
IT·프로그래밍,자바기반 안드로이드 앱 개발_D,(주)지엠에스테크,1,2020,웹프로그래밍(si),자바기반,JAVA
IT·프로그래밍,안드로이드&IOS 앱 개발자 양성_A,(주)알파이글루,1,2020,개발,안드로이드&IOS,"안드로이드,IOS"
IT·프로그래밍,자바기반 안드로이드앱개발_A,(주)알파이글루,1,2020,개발,자바기반,JAVA
IT·프로그래밍,자바기반 안드로이드 앱 개발D,(주)에스투피테크,1,2020,개발,자바기반,JAVA
IT·프로그래밍,웹디자인(웹퍼블리셔)프론트앤드실무자양성_A,제이엔이시스텍,1,2020,프론트 엔드 개발,웹디자인(웹퍼블리셔)프론트앤드실무자양성_A,"JAVA, HTML, CSS, JSP"
IT·프로그래밍,"파이썬,R기반 빅데이터플랫폼 개발자",(주)이언컨설팅,1,2020,웹개발,"파이썬,R기반","Python, R"
IT·프로그래밍,안드로이드&IOS 앱 개발자 양성 A,다올컴퍼니,1,2020,"안드로이드,IOS 앱개발",안드로이드&IOS,"안드로이드,IOS"
IT·프로그래밍,"빅데이터 UI 전문가 양성(파이썬,R)",주식회사 마크클라우드,1,2020,"정형 및 비정형 빅데이터 분석, 기업 컨설팅",빅데이터,"JAVA, JSP, SQL, Python"
IT·프로그래밍,안드로이드&IOS 앱 개발자 양성_A,인텔로이드,1,2020,앱개발 및 유지보수,안드로이드&IOS,"안드로이드,IOS"
IT·프로그래밍,안드로이드&IOS 앱 개발자 양성,플렉시즈,1,2020,안드로이드 앱개발,안드로이드&IOS,"안드로이드,IOS"
IT·프로그래밍,안드로이드&IOS 앱 개발자 양성과정,(주)나루아이,1,2020,앱 개발,안드로이드&IOS,"안드로이드,IOS"
IT·프로그래밍,자비기반안드로이드앱개발A,스마트맵퍼,1,2020,SI사업부 과장,자비기반안드로이드앱개발A,"JAVA, 안드로이드"
IT·프로그래밍,안드로이드&IOS 앱 개발자 양성과정,쉬폰코퍼레이션,1,2020,안드로이드앱개발,안드로이드&IOS,"안드로이드,IOS"
IT·프로그래밍,안드로이드&IOS 앱 개발자 양성과정,헬로우디지털,1,2020,IOS앱개발,안드로이드&IOS,"안드로이드,IOS"
IT·프로그래밍,"파이썬,R기반 빅데이터플랫폼 개발자",(주)아이컴시스,1,2020,웹개발,"파이썬,R기반","Python, R"
IT·프로그래밍,"빅데이터분석을 위한 AI(머신러닝,딥러닝)응용소프트웨어 개발자",테스트웍스,1,2020,AI사업본부프로젝트매니저,빅데이터분석을,"JAVA, JSP, SQL, Python"
IT·프로그래밍,"파이썬,R기반 빅데이터플랫폼개발자",한국인공지능협회,1,2020,데이터 가공,"파이썬,R기반","Python, R"
IT·프로그래밍,"빅데이터분석을 위한 AI(머신러닝,딥러닝)응용소프트웨어 개발자",아이비김영,1,2020,웹개발,빅데이터분석을,"JAVA, JSP, SQL, Python"
IT·프로그래밍,자바기반 안드로이드 앱 개발_D,스냅태그,1,2020,시스템개발,자바기반,JAVA
IT·프로그래밍,빅데이터 분석 & 플랫폼 개발자,효성itx,1,2020,데이터관리,빅데이터,"JAVA, JSP, SQL, Python"
IT·프로그래밍,"파이썬빅데이터개발,분석전문가(머신러닝,딥러닝)",한국정보화진흥원,1,2020,"공공데이터 개방,디지털 실측, 정합성 검증 등","파이썬빅데이터개발,분석전문가(머신러닝,딥러닝)",Python 
IT·프로그래밍,하이브리드 앱개발(IOS&안드로이드) 및 웹개발,(주)레빗랩스,1,2020,아이폰키보드솔루션개발 및 유지보수,하이브리드,Flutter
IT·프로그래밍,"파이썬,R기반 빅데이터플랫폼 개발자",os컴퍼니즈,1,2020,웹개발,"파이썬,R기반","Python, R"
IT·프로그래밍,"빅데이터 분석을 위한 AI(머신러닝,딥러닝)응용소프트웨어 개발자",넥스그리드,1,2020,자바개발자,빅데이터,"JAVA, JSP, SQL, Python"
IT·프로그래밍,"파이썬,R기반 빅데이터플랫폼 개발자",한국전자통신연구원,1,2020,공공 빅데이터 분석 직무,"파이썬,R기반","Python, R"
IT·프로그래밍,자바기반안드로이드앱개발_D,비오테크컨설팅,1,2020,솔루션 개발 및 유지보수,자바기반안드로이드앱개발_D,"JAVA, 안드로이드"
IT·프로그래밍,웹&앱개발(안드로이드)전문가양성과정 A,(주)블루비즈넷,1,2020,소프트웨어 개발 및 운영(JAVA개발),웹&앱개발(안드로이드)전문가양성과정,"JAVA, 안드로이드"
IT·프로그래밍,웹&앱개발(안드로이드)전문가양성과정,금방주식회사,1,2020,백엔드,웹&앱개발(안드로이드)전문가양성과정,"JAVA, 안드로이드"
IT·프로그래밍,웹&앱개발(안드로이드)전문가양성과정,문소프트,1,2020,웹개발,웹&앱개발(안드로이드)전문가양성과정,"JAVA, 안드로이드"
IT·프로그래밍,안드로이드&IOS 앱 개발자 양성_A,몽키소프트,1,2020,앱 개발자,안드로이드&IOS,"안드로이드,IOS"
IT·프로그래밍,"빅데이터분석을 위한 AI(머신러닝,딥러닝)응용소프트웨어 개발자",데이터 히어로즈,1,2020,웹개발 및 데이터분석,빅데이터분석을,"JAVA, JSP, SQL, Python"
IT·프로그래밍,빅데이터UI전문가양성,주식회사 업데이터,1,2020,"딥러닝 AI연구,개발",빅데이터UI전문가양성,"JAVA, JSP, SQL, Python"
IT·프로그래밍,안드로이드&IOS 앱 개발자 양성_A,캐스트폭스,1,2020,앱 개발자,안드로이드&IOS,"안드로이드,IOS"
IT·프로그래밍,"빅데이터 분석을 위한 AI(머신러닝,딥러닝)응용소프트웨어 개발자",아이티파트너스,1,2020,자바개발자,빅데이터,"JAVA, JSP, SQL, Python"
IT·프로그래밍,"빅데이터 UI 전문가 양성(파이썬,R)",한국과학기술정보연구원,1,2020,과학기술논문텍스트데이터구축,빅데이터,"JAVA, JSP, SQL, Python"
IT·프로그래밍,스마트웹디자인(UI/UX)콘텐츠개발,비스톤스,1,2020,퍼블리셔,스마트웹디자인(UI/UX)콘텐츠개발,JAVA
IT·프로그래밍,"정보보안(네트워크,서버)엔지니어 양성과정",에스넷시스템주식회사,1,2020,"IT인프라 설계,유지보수","정보보안(네트워크,서버)엔지니어","네트워크, 서버"
IT·프로그래밍,"파이썬,R기반 빅데이터플랫폼 개발자",주식회사알에스엔,1,2020,솔루션개발,"파이썬,R기반","Python, R"
IT·프로그래밍,"파이썬,R기반 빅데이터플랫폼 개발자",주식회사알에스엔,1,2020,솔루션개발,"파이썬,R기반","Python, R"
IT·프로그래밍,웹퍼블리셔(웹디자인)UI/UX프론트엔드 양성과정,(주)비스톤스,1,2020,웹퍼블리셔,웹퍼블리셔(웹디자인)UI/UX프론트엔드,"HTML, CSS, JSP "
IT·프로그래밍,"빅데이터 분석을 위한 AI(머신러닝,딥러닝)응용소프트웨어 개발자",코코네 코리아,1,2020,데이터분석가,빅데이터,"JAVA, JSP, SQL, Python"
IT·프로그래밍,"파이썬,R기반 빅데이터플랫폼개발자",효성 ITX,1,2020,공공데이터 관리,"파이썬,R기반","Python, R"
IT·프로그래밍,웹&앱개발(안드로이드)전문가양성과정,(주)엔티,1,2020,웹개발,웹&앱개발(안드로이드)전문가양성과정,"JAVA, 안드로이드"
IT·프로그래밍,스마트플랫폼기반웹&앱(UI/UX)콘텐츠개발,(주)엔티,1,2020,웹개발,스마트플랫폼기반웹&앱(UI/UX)콘텐츠개발,"안드로이드, IOS, JAVA, HTML"
IT·프로그래밍,"빅데이터분석을 위한 AI(머신러닝,딥러닝)",(주)엠넷소프트,1,2020,웹개발,빅데이터분석을,"JAVA, JSP, SQL, Python"
IT·프로그래밍,"빅데이터분석을 위한 AI(머신러닝,딥러닝)",(주)웹플래너,1,2020,"웹개발,마케팅",빅데이터분석을,"JAVA, JSP, SQL, Python"
IT·프로그래밍,"빅데이터분석을 위한 AI(머신러닝,딥러닝)응용소프트웨어 개발자",마크애니,1,2020,딥러닝 개발자,빅데이터분석을,"JAVA, JSP, SQL, Python"
IT·프로그래밍,"파이썬,R기반 빅데이터플랫폼 개발자",OS컴퍼니즈,1,2020,웹개발,"파이썬,R기반","Python, R"
IT·프로그래밍,"파이썬,R기반 빅데이터플랫폼 개발자 A",알앤비소프트,1,2020,웹개발,"파이썬,R기반","Python, R"
IT·프로그래밍,"파이썬빅데이터개발,분석전문가(머신러닝,딥러닝)",한국과학기술정보연구원,1,2020,데이터가공및데이터변환,"파이썬빅데이터개발,분석전문가(머신러닝,딥러닝)",Python 
IT·프로그래밍,"파이썬빅데이터개발,분석전문가(머신러닝,딥러닝)",경기도지사,1,2020,기획업무지원,"파이썬빅데이터개발,분석전문가(머신러닝,딥러닝)",Python 
IT·프로그래밍,머신러닝 플랫폼을 활용한 AI응용소프트웨어 빅데이터분석개발자,골드웰케미칼,1,2020,거리채 및 자재 관리,머신러닝,"Python, R"
IT·프로그래밍,웹&앱개발(안드로이드)전문가양성과정,모바일엔트로피(주),1,2020,웹개발,웹&앱개발(안드로이드)전문가양성과정,"JAVA, 안드로이드"
IT·프로그래밍,[정보처리산업기사]자바(JAVA)기반 하이브리드 앱개발-과정평가형자격-A,(주)미래보고,1,2020,웹디자인,[정보처리산업기사]자바(JAVA)기반,JAVA
IT·프로그래밍,[정보처리산업기사]자바(JAVA)기반 하이브리드 앱개발-과정평가형자격-B,(주)피펄러스코리아,1,2020,프론트엔드,[정보처리산업기사]자바(JAVA)기반,JAVA
IT·프로그래밍,빅데이터 분석 & 플랫폼 개발자,세종경영자문,1,2020,빅데이터 분석가,빅데이터,"JAVA, JSP, SQL, Python"
IT·프로그래밍,스마트웹디자인(UI/UX)콘텐츠개발,윤성정보통신,1,2020,"컴퓨터 및 주변장치, 소프트웨어 도매 및 물품관리",스마트웹디자인(UI/UX)콘텐츠개발,JAVA
IT·프로그래밍,"파이썬,R기반 빅데이터플랫폼개발자",XN시스템즈,1,2020,프론트엔드,"파이썬,R기반","Python, R"
IT·프로그래밍,"빅데이터 UI 전문가 양성(파이썬,R)",지디에프랩,1,2020,A.I. Engine Developer,빅데이터,"JAVA, JSP, SQL, Python"
IT·프로그래밍,"파이썬,R기반 빅데이터플랫폼개발자",서울특별시,1,2020,it 업무 지원 및 컨설팅 보조,"파이썬,R기반","Python, R"
IT·프로그래밍,"파이썬,R기반 빅데이터플랫폼개발자",김샘학원,1,2020,강사,"파이썬,R기반","Python, R"
IT·프로그래밍,"파이썬,R기반 빅데이터플랫폼 개발자 A",(주)뉴욕걸즈,1,2020,프로그래밍개발,"파이썬,R기반","Python, R"
IT·프로그래밍,자바기반 안드로이드 앱 개발_D,데이터플로,1,2020,IOS개발,자바기반,JAVA
IT·프로그래밍,스마트웹디자인(UI/UX)콘텐츠개발,주식회사 상록에스,1,2020,퍼블리싱,스마트웹디자인(UI/UX)콘텐츠개발,JAVA
IT·프로그래밍,"빅데이터분석을 위한 AI(머신러닝,딥러닝)응용소프트웨어 개발자",상생소프트,1,2020,소프트웨어개발,빅데이터분석을,"JAVA, JSP, SQL, Python"
IT·프로그래밍,"빅데이터분석을 위한 AI(머신러닝,딥러닝)응용소프트웨어 개발자",한국과학기술정보연구원,1,2020,논문텍스트데이터구축,빅데이터분석을,"JAVA, JSP, SQL, Python"
IT·프로그래밍,자비기반 안드로이드 앱개발,씨엠에스 씨큐브코딩,1,2020,코딩 교육 연구원,자비기반,JAVA
IT·프로그래밍,유니티를 활용한 게임프로그래밍개발자(unity),FNI .KOREA,1,2020,유니티개발,유니티를,JAVA
IT·프로그래밍,"파이썬빅데이터개발,분석전문가 (머신러닝,딥러닝)",네모파즈너즈비에이(주),1,2020,데이터사이언티스트,"파이썬빅데이터개발,분석전문가","Python, JAVA, JSP, SQL, Python"
IT·프로그래밍,자바기반 안드로이드 앱 개발_D,(주)콘텐츠와이즈,1,2020,자바개발자,자바기반,JAVA
IT·프로그래밍,[정보처리산업기사]자바(JAVA)기반 하이브리드 앱개발-과정평가형자격-A,시드아이티,1,2020,si,[정보처리산업기사]자바(JAVA)기반,JAVA
IT·프로그래밍,"빅데이터 UI 전문가 양성(파이썬,R)",(주)바로에이아이,1,2020,"기획,영업",빅데이터,"JAVA, JSP, SQL, Python"
IT·프로그래밍,"정보보안(네트워크,서버)엔지니어링 양성과정",가이아이앤씨,1,2020,네트워크엔지니어,"정보보안(네트워크,서버)엔지니어링","네트워크, 서버"
IT·프로그래밍,자바기반안드로이드앱개발_D,쉬폰코퍼레이션코리아,1,2020,"안드로이드,웹서버개발자",자바기반안드로이드앱개발_D,"JAVA, 안드로이드"
IT·프로그래밍,"파이썬,R기반 빅데이터플랫폼 개발자",주식회사 알에스엔,1,2020,솔루션기획,"파이썬,R기반","Python, R"
IT·프로그래밍,"파이썬빅데이터개발,분석전문가(머신러닝,딥러닝)",(주)롯데멤버스,1,2020,데이터추출및데이터분석,"파이썬빅데이터개발,분석전문가(머신러닝,딥러닝)",Python 
IT·프로그래밍,하이브리드 앱개발(IOS&안드로이드) 및 웹개발자 양성과정,라이클컴퍼니,1,2020,안드로이드 개발,하이브리드,Flutter
IT·프로그래밍,"빅데이터 분석을 위한 AI(머신러닝,딥러닝)응용소프트웨어 개발자",(주)무른모,1,2020,RPA개발자,빅데이터,"JAVA, JSP, SQL, Python"
IT·프로그래밍,스마트웹디자인(UI/UX)콘텐츠개발,엔클라우드24,1,2020,퍼블리셔 및 백엔드,스마트웹디자인(UI/UX)콘텐츠개발,JAVA
IT·프로그래밍,"빅데이터분석을 위한 머신러닝, 딥러닝 응용소프트웨어 개발자",한국델켐(주),1,2020,웹개발자,빅데이터분석을,"JAVA, JSP, SQL, Python"
IT·프로그래밍,"빅데이터 분석을 위한 AI(머신러닝,딥러닝)응용소프트웨어 개발자",(주)레버티,1,2020,풀스택 개발자,빅데이터,"JAVA, JSP, SQL, Python"
IT·프로그래밍,"빅데이터분석을 위한 AI(머신러닝,딥러닝)응용소프트웨어 개발자",(주)가이온,1,2020,빅데이터솔루션영업,빅데이터분석을,"JAVA, JSP, SQL, Python"
IT·프로그래밍,"빅데이터 UI 전문가 양성(파이썬,R)",티큐에스코리아,1,2020,파이썬 개발자,빅데이터,"JAVA, JSP, SQL, Python"
IT·프로그래밍,"빅데이터 분석을 위한 AI(머신러닝,딥러닝)응용소프트웨어 개발자",조인트리,1,2020,빅데이터분석가,빅데이터,"JAVA, JSP, SQL, Python"
IT·프로그래밍,"빅데이터 분석을 위한 AI(머신러닝,딥러닝)응용소프트웨어 개발자",(주)레버티,1,2020,풀스택개발자,빅데이터,"JAVA, JSP, SQL, Python"
IT·프로그래밍,"빅데이터 분석을 위한 AI(머신러닝,딥러닝)응용소프트웨어 개발자",한국스코어링,1,2020,RPA개발자,빅데이터,"JAVA, JSP, SQL, Python"
IT·프로그래밍,"빅데이터 분석을 위한 AI(머신러닝,딥러닝)응용소프트웨어 개발자",(주)디케이아이테크놀로지,1,2020,JAVA웹개발,빅데이터,"JAVA, JSP, SQL, Python"
IT·프로그래밍,[정보처리산업기사]자바(JAVA)기반 하이브리드 앱개발-과정평가형자격-B,sj엠에스,1,2020,루지운영,[정보처리산업기사]자바(JAVA)기반,JAVA
IT·프로그래밍,"정보보안(네트워크,서버)엔지니어링 양성과정",(주)비즈커머스,1,2020,서버셋팅 및 거래처 관리,"정보보안(네트워크,서버)엔지니어링","네트워크, 서버"
IT·프로그래밍,[정보처리산업기사]자바(JAVA)기반 하이브리드 앱개발-과정평가형자격-B,가온아이,1,2020,그룹웨어개발,[정보처리산업기사]자바(JAVA)기반,JAVA
IT·프로그래밍,"파이썬,R기반 빅데이터플랫폼개발자",큐니온,1,2020,기업부설 소프트웨어 연구,"파이썬,R기반","Python, R"
IT·프로그래밍,"정보보안(네트워크,서버)엔지니어 양성과정",부광메탈,1,2020,단순 작업 업무,"정보보안(네트워크,서버)엔지니어","네트워크, 서버"
IT·프로그래밍,"하이브리드웹&앱(안드로이드,IOS)개발자",한국산업기술대학교 산학협력단,1,2020,신소재공학 연구직/전임연구원,"하이브리드웹&앱(안드로이드,IOS)개발자","Flutter , 안드로이드, IOS, JAVA, HTML"
IT·프로그래밍,머신러닝 플랫폼을 활용한 AI응용소프트웨어 빅데이터분석개발자,이노데일(주),1,2020,연구개발사업,머신러닝,"Python, R"
IT·프로그래밍,"빅데이터 분석을 위한 AI(머신러닝,딥러닝)응용소프트웨어 개발자",주식회사 디노밴 네트웍스,1,2020,웹개발자,빅데이터,"JAVA, JSP, SQL, Python"
IT·프로그래밍,웹디자인(웹퍼블리셔) 프론트앤드 실무자 양성과정,MotiveE,1,2020,웹디자이너,웹디자인(웹퍼블리셔),"HTML, CSS, JSP"
IT·프로그래밍,유니티를 활용한게임프로그래밍개발자(Uvity),스마일게이트엔터테인먼트,1,2020,크로스파이어2QA,유니티를,JAVA
IT·프로그래밍,"빅데이터 분석을 위한 AI(머신러닝,딥러닝)응용소프트웨어 개발자",파킹클라우드,1,2020,백엔드개발,빅데이터,"JAVA, JSP, SQL, Python"
IT·프로그래밍,유니티를 활용한 게임프로그래밍개발자(unity),천재교과서,1,2020,"유니티 로 앱,게임 개발",유니티를,JAVA
IT·프로그래밍,"파이썬빅데이터개발,분석전문가(머신러닝,딥러닝)",버프스튜디오,1,2020,게임개발자,"파이썬빅데이터개발,분석전문가(머신러닝,딥러닝)",Python 
IT·프로그래밍,"파이썬빅데이터개발,분석전문가(머신러닝,딥러닝)",에코시안,1,2020,인공지능연구원,"파이썬빅데이터개발,분석전문가(머신러닝,딥러닝)",Python 
IT·프로그래밍,"빅데이터 분석을 위한 AI(머신러닝,딥러닝)응용소프트웨어 개발자",(주)이노팸,1,2020,파이썬 백엔드,빅데이터,"JAVA, JSP, SQL, Python"
IT·프로그래밍,하이브리드 앱개발(IOS&안드로이드) 및 웹개발자 양성과정,(주)날리지포인트,1,2020,IOS개발,하이브리드,Flutter
IT·프로그래밍,스마트플랫폼기반웹&앱(UI/UX)콘텐츠개발,(주)트래포트,1,2020,프론트엔드,스마트플랫폼기반웹&앱(UI/UX)콘텐츠개발,"안드로이드, IOS, JAVA, HTML"
IT·프로그래밍,"빅데이터분석을 위한 AI(머신러닝,딥러닝)응용소프트웨어 개발자",(주)더원테크,1,2020,데이터분석,빅데이터분석을,"JAVA, JSP, SQL, Python"
IT·프로그래밍,하이브리드 앱개발(IOS&안드로이드) 및 웹개발자 양성과정,씨앤티미디어그룹,1,2020,앱개발,하이브리드,Flutter
IT·프로그래밍,"빅데이터분석을 위한 AI(머신러닝,딥러닝)응용소프트웨어 개발자",(주)메디리타,1,2020,빅데이터분석,빅데이터분석을,"JAVA, JSP, SQL, Python"
IT·프로그래밍,"빅데이터분석을 위한 AI(머신러닝,딥러닝)응용소프트웨어 개발자",(주)엔셀,1,2020,딥러닝프로그래머,빅데이터분석을,"JAVA, JSP, SQL, Python"
IT·프로그래밍,"빅데이터분석을 위한 AI(머신러닝,딥러닝)",(주)웹비즈,1,2020,웹개발,빅데이터분석을,"JAVA, JSP, SQL, Python"
IT·프로그래밍,"빅데이터 분석을 위한 AI(머신러닝,딥러닝)응용소프트웨어 개발자",포뎁스,1,2020,개발,빅데이터,"JAVA, JSP, SQL, Python"
IT·프로그래밍,"빅데이터 분석을 위한 AI(머신러닝,딥러닝)응용소프트웨어 개발자",(주)뉴본홀딩스,1,2020,컨설팅,빅데이터,"JAVA, JSP, SQL, Python"
IT·프로그래밍,하이브리드 앱개발(IOS&안드로이드) 및 웹개발자 양성과정,지앤비소프텍,1,2020,SI개발자,하이브리드,Flutter
IT·프로그래밍,하이브리드 앱개발(IOS&안드로이드) 및 웹개발자 양성과정,(주)인디펜던트,1,2020,앱개발,하이브리드,Flutter
IT·프로그래밍,하이브리드 앱개발(IOS&안드로이드) 및 웹개발자 양성과정,매일정보기술,1,2020,소프트웨어개발,하이브리드,Flutter
IT·프로그래밍,하이브리드 앱개발(IOS&안드로이드) 및 웹개발자 양성과정,미식의시대,1,2020,앱개발자,하이브리드,Flutter
IT·프로그래밍,하이브리드 앱개발(IOS&안드로이드) 및 웹개발자 양성과정,(주)메이드인랩,1,2020,자바개발자,하이브리드,Flutter
IT·프로그래밍,"파이썬빅데이터개발,분석전문가 (머신러닝,딥러닝)",ZCOST,1,2020,데이터 애널리스트,"파이썬빅데이터개발,분석전문가","Python, JAVA, JSP, SQL, Python"
IT·프로그래밍,하이브리드 앱개발(IOS&안드로이드) 및 웹개발자 양성과정,상생소프트,1,2020,SI개발,하이브리드,Flutter
IT·프로그래밍,빅데이터 분석(R)을 위한 자바개발자,오픈핸즈(주),1,2020,s/w TEST,빅데이터,"JAVA, JSP, SQL, Python"
IT·프로그래밍,"정보보안(네트워크,서버)엔지니어 양성과정",제노솔루션(주),1,2020,정보보안솔루션,"정보보안(네트워크,서버)엔지니어","네트워크, 서버"
IT·프로그래밍,"빅데이터분석®을 위한 자바,파이선개발자",진운 주식회사,1,2020,웹개발,빅데이터분석®을,"JAVA, JSP, SQL, Python, R "
IT·프로그래밍,"빅데이터분석R을위한 자바,파이선개발자",㈜에이아이넷,1,2020,자바개발자,빅데이터분석R을위한,"JAVA, JSP, SQL, Python, R"
IT·프로그래밍,"정보보안(네트워크,서버)엔지니어 양성과정",(주)엔셀,1,2020,"IT솔루션,서버관리","정보보안(네트워크,서버)엔지니어","네트워크, 서버"
IT·프로그래밍,"빅데이터 분석을 위한 AI(머신러닝,딥러닝)응용소프트웨어 개발자",메이븐코리아(주),1,2020,Data&BI 컨설팅 및 개발,빅데이터,"JAVA, JSP, SQL, Python"
IT·프로그래밍,"빅데이터분석®을 위한 자바,파이선개발자",전속력,1,2020,웹서비스개발 및 쇼핑몰운영,빅데이터분석®을,"JAVA, JSP, SQL, Python, R "
IT·프로그래밍,하이브리드 앱개발(IOS&안드로이드) 및 웹개발자 양성과정,(주)두손소프트,1,2020,IOS개발,하이브리드,Flutter
IT·프로그래밍,"정보보안(네트워크,서버)엔지니어 양성과정",제스트 씨앤티,1,2020,보안관리,"정보보안(네트워크,서버)엔지니어","네트워크, 서버"
IT·프로그래밍,[정보처리산업기사]자바(JAVA)기반 하이브리드 앱개발-과정평가형자격-B,아이네크,1,2020,개발기술지원,[정보처리산업기사]자바(JAVA)기반,JAVA
IT·프로그래밍,머신러닝 플랫폼을 활용한 AI응용소프트웨어 빅데이터분석개발자,지오앤,1,2020,데이터분석(머신러닝),머신러닝,"Python, R"
IT·프로그래밍,"빅데이터 분석(R)을 위한 자바,파이선 개발자",(주)이스트시큐리티,1,2020,서비스기획,빅데이터,"JAVA, JSP, SQL, Python"
IT·프로그래밍,웹퍼블리셔(웹디자인)UI/UX 프론트앤드양성과정,SGA,1,2020,웹디자이너 겸 퍼블리셔,웹퍼블리셔(웹디자인)UI/UX,"HTML, CSS, JSP ,JAVA"
IT·프로그래밍,"사물인터넷((IOT)임베디드응용SW개발자(자바,파이썬)",퓨처웨어,1,2020,관리부,"사물인터넷((IOT)임베디드응용SW개발자(자바,파이썬)","JAVA, Python"
IT·프로그래밍,하이브리드 앱개발(IOS&안드로이드) 및 웹 개발자 양성과정,주식회사 나인와트,1,2020,안드로이드 웹 서버,하이브리드,Flutter
IT·프로그래밍,"정보보안(네트워크,서버)엔지니어 양성과정",핀시큐리티시스템,1,2020,모의해킹,"정보보안(네트워크,서버)엔지니어","네트워크, 서버"
IT·프로그래밍,"정보보안(네트워크,서버)엔지니어 양성과정",킹스정보통신(주),1,2020,개발기술지원,"정보보안(네트워크,서버)엔지니어","네트워크, 서버"
IT·프로그래밍,"정보보안(네트워크,서버)엔지니어 양성과정",핀시큐리티시스템,1,2020,모의해킹,"정보보안(네트워크,서버)엔지니어","네트워크, 서버"
IT·프로그래밍,"정보보안(네트워크,서버)엔지니어 양성과정",(주)시스원,1,2020,엔지니어,"정보보안(네트워크,서버)엔지니어","네트워크, 서버"
IT·프로그래밍,"정보보안(네트워크,서버)엔지니어 양성과정",주식회사 엠시큐어,1,2020,보안솔루션개발,"정보보안(네트워크,서버)엔지니어","네트워크, 서버"
IT·프로그래밍,하이브리드 앱개발(IOS&안드로이드) 및 웹 개발자 양성과정,주식회사 디플럭스씨앤씨,1,2020,안드로이드 앱 개발,하이브리드,Flutter
IT·프로그래밍,웹퍼블리셔(웹디자인)UIUX프론트엔드 양성과정 5회차,(주)더에듀클라우드닷컴,1,2020,디자인,웹퍼블리셔(웹디자인)UIUX프론트엔드,"HTML, CSS, JSP "
IT·프로그래밍,웹퍼블리셔(웹디자인)UIUX프론트엔드 양성과정-5회차,주식회사 트렌드헌터,1,2020,커머스팀,웹퍼블리셔(웹디자인)UIUX프론트엔드,"HTML, CSS, JSP "
IT·프로그래밍,(NCS)자바(JAVA)기반하이브리드앱개발,(주)아이엑세스,1,2020,웹프로그래머,(NCS)자바(JAVA)기반하이브리드앱개발,"JAVA, Flutter"
IT·프로그래밍,"빅데이터분석R을위한 자바,파이선개발자",(주)자이플래닛,1,2020,프로그램 연구및 개발업무,빅데이터분석R을위한,"JAVA, JSP, SQL, Python, R"
IT·프로그래밍,"하이브리드웹&앱 (안드로이드,IOS)개발자",주식회사 드림메이커,1,2020,안드로이드 개발,하이브리드웹&앱,"Flutter , 안드로이드, IOS, JAVA, HTML"
IT·프로그래밍,"정보보안(네트워크,서버엔지니어)양성과정-1",주식회사 한누비아이티,1,2020,IT0 사업부,"정보보안(네트워크,서버엔지니어)양성과정-1","네트워크, 서버"
IT·프로그래밍,머신러닝 플랫폼을 활용한 AI응용소프트웨어 빅데이터분석개발자,(주)비자림,1,2020,인공지능비전검사,머신러닝,"Python, R"
IT·프로그래밍,사물인터넷(IOT)임베디드응용SW개발자,주식회사 트리티즈,1,2020,기술연구원,사물인터넷(IOT)임베디드응용SW개발자," JAVA, Python"
IT·프로그래밍,"정보보안(네트워크,서버)엔지니어링 양성과정",(주)찬영씨엔씨,1,2020,보안네트워크,"정보보안(네트워크,서버)엔지니어링","네트워크, 서버"
IT·프로그래밍,"빅데이터분석R을위한 자바,파이선개발자",(주)희남,1,2020,스크래핑 모듈 개발 및 유지,빅데이터분석R을위한,"JAVA, JSP, SQL, Python, R"
IT·프로그래밍,빅데이터분석R을위한 자바개발자,(주)풍농,1,2020,데이터활용전산업무,빅데이터분석R을위한,"JAVA, JSP, SQL, Python, R"
IT·프로그래밍,빅데이터분석R을위한 자바개발자,(주)지뉴소프트,1,2020,AI융합 개발팀,빅데이터분석R을위한,"JAVA, JSP, SQL, Python, R"
IT·프로그래밍,"정보보안(네트워크,서버)엔지니어 양성과정",주식회사 코어브릿지,1,2020,네트워크 유지보수 및관리,"정보보안(네트워크,서버)엔지니어","네트워크, 서버"
IT·프로그래밍,빅데이터분석R을위한 자바개발자,씽크엠,1,2020,웹개발,빅데이터분석R을위한,"JAVA, JSP, SQL, Python, R"
IT·프로그래밍,"정보보안(네트워크,서버)엔지니어 양성과정",(주)한맥정보기술,1,2020,네트워크 유지보수 및관리,"정보보안(네트워크,서버)엔지니어","네트워크, 서버"
IT·프로그래밍,"정보보안(네트워크,서버)엔지니어 양성과정",(주)시스템본,1,2020,기술지원 및 기술업무,"정보보안(네트워크,서버)엔지니어","네트워크, 서버"
IT·프로그래밍,"정보보안(네트워크,서버)엔지니어 양성과정",(주)리눅스데이타시스템,1,2020,정보보안컨설팅,"정보보안(네트워크,서버)엔지니어","네트워크, 서버"
IT·프로그래밍,머신러닝 플랫폼을 활용한 AI응용소프트웨어 빅데이터분석개발자,(주)베라시스,1,2020,개발,머신러닝,"Python, R"
IT·프로그래밍,"정보보안(네트워크,서버)엔지니어링 양성과정",에스넷시스템,1,2020,네트워크 구축 및 유지보수,"정보보안(네트워크,서버)엔지니어링","네트워크, 서버"
IT·프로그래밍,"빅데이터분석®을 위한 자바,파이선개발자",테스트마인㈜,1,2020,소프트웨어개발,빅데이터분석®을,"JAVA, JSP, SQL, Python, R "
IT·프로그래밍,"빅데이터분석®을 위한 자바,파이선개발자",㈜아이투맥스,1,2020,소프트웨어개발,빅데이터분석®을,"JAVA, JSP, SQL, Python, R "
IT·프로그래밍,자바(JAVA)기반 정보보안엔지니어링 양성과정,코니퍼 주식회사,1,2019,보안운영,자바(JAVA)기반,JAVA
IT·프로그래밍,"정보보안(네트워크,서버)엔지니어링 양성과정",인텔리빅스,1,2020,네트워크 보안,"정보보안(네트워크,서버)엔지니어링","네트워크, 서버"
IT·프로그래밍,"빅데이터 분석(R)을 위한 자바,파이선 개발자",인포와이즈,1,2020,데이터분석,빅데이터,"JAVA, JSP, SQL, Python"
IT·프로그래밍,"파이썬,R기반 빅데이터 플랫폼 개발자",에이스손해보험,1,2020,데이터분석,"파이썬,R기반","Python, R"
IT·프로그래밍,"빅데이터분석®을 위한 자바,파이선개발자",한국수력원자력,1,2020,웹개발,빅데이터분석®을,"JAVA, JSP, SQL, Python, R "
IT·프로그래밍,"파이썬과 R을 활용한 빅데이터 분석(머신러닝,딥러닝) 전문가 양성과정",11번가,1,2020,데이터개발,파이썬과,Python
IT·프로그래밍,"빅데이터분석®을 위한 자바,파이선개발자",서울아산병원,1,2020,데이터분석,빅데이터분석®을,"JAVA, JSP, SQL, Python, R "
IT·프로그래밍,"빅데이터분석®을 위한 자바,파이선개발자",오비맥주 주식회사,1,2020,데이터분석,빅데이터분석®을,"JAVA, JSP, SQL, Python, R "
IT·프로그래밍,"빅데이터분석®을 위한 자바,파이선개발자",㈜데이터엔지니어스랩,1,2020,데이터 분석,빅데이터분석®을,"JAVA, JSP, SQL, Python, R "
IT·프로그래밍,"빅데이터분석®을 위한 자바,파이선개발자",CS LEE,1,2020,데이터분석,빅데이터분석®을,"JAVA, JSP, SQL, Python, R "
IT·프로그래밍,"빅데이터분석®을 위한 자바,파이선개발자",파이언넷,1,2020,웹개발,빅데이터분석®을,"JAVA, JSP, SQL, Python, R "
IT·프로그래밍,하이브리드 앱개발(IOS&안드로이드) 및 웹개발자 양성과정,로지포커스(주),1,2020,앱개발자,하이브리드,Flutter
IT·프로그래밍,"빅데이터 분석®을 위한 자바,파이썬개발자",큐브원,1,2019,플랫폼 개발,빅데이터,"JAVA, JSP, SQL, Python"
IT·프로그래밍,"정보보안(네트워크,서버)엔지니어링 양성과정",유리네트웍스,1,2020,보안 솔루션 개발,"정보보안(네트워크,서버)엔지니어링","네트워크, 서버"
IT·프로그래밍,"빅데이터 분석(R)을 위한 자바,파이선 개발자",(주)씨앤테크,1,2020,데이터 사이언스,빅데이터,"JAVA, JSP, SQL, Python"
IT·프로그래밍,"파이썬과 R을 활용한 빅데이터분석(머신러닝,딥러닝)전문가 양성과정",씨드로닉스,1,2020,데이터관리자,파이썬과,Python
IT·프로그래밍,"하이브리드웹&앱(안드로이드,IOS)개발자",비컴솔루션,1,2019,웹개발,"하이브리드웹&앱(안드로이드,IOS)개발자","Flutter , 안드로이드, IOS, JAVA, HTML"
IT·프로그래밍,"파이썬빅데이터개발,분석전문가(머신러닝,딥러닝)",딜리버리히어로코리아,1,2019,개발,"파이썬빅데이터개발,분석전문가(머신러닝,딥러닝)",Python 
IT·프로그래밍,"파이썬과 R을 활용한 빅데이터 분석(머신러닝,딥러닝) 전문가 양성과정",마이셀럽스,1,2019,데이터전처리,파이썬과,Python
IT·프로그래밍,머신러닝 플랫폼을 활용한 AI응용소프트웨어 빅데이터 분석개발자,웨인테크놀로지,1,2019,프로그램 개발,머신러닝,"Python, R"
IT·프로그래밍,머신러닝 플랫폼을 활용한 AI응용소프트웨어 빅데이터 분석개발자,비자림,1,2019,데이터분석,머신러닝,"Python, R"
IT·프로그래밍,웹퍼블리셔(웹디자인)UI/UX 프론트앤드양성과정,앤테크서비스,1,2019,UI개발업무,웹퍼블리셔(웹디자인)UI/UX,"HTML, CSS, JSP ,JAVA"
IT·프로그래밍,"파이썬,R기반 빅데이터 플랫폼 개발자",세종대학교,1,2019,교육과정평가센터,"파이썬,R기반","Python, R"
IT·프로그래밍,웹퍼블리셔(웹디자인)UI/UX 프론트앤드양성과정,마블로터스,1,2019,웹기획,웹퍼블리셔(웹디자인)UI/UX,"HTML, CSS, JSP ,JAVA"
IT·프로그래밍,"하이브리드웹&앱 (안드로이드,IOS)개발자",포스젠,1,2019,웹개발,하이브리드웹&앱,"Flutter , 안드로이드, IOS, JAVA, HTML"
IT·프로그래밍,"하이브리드웹&앱 (안드로이드,IOS)개발자",셀파소프트,1,2019,솔루션개발,하이브리드웹&앱,"Flutter , 안드로이드, IOS, JAVA, HTML"
IT·프로그래밍,[정보처리산업기사]자바(JAVA)기반 하이브리드 앱개발,메가MD,1,2019,웹개발,[정보처리산업기사]자바(JAVA)기반,JAVA
IT·프로그래밍,하이브리드 앱개발(IOS&안드로이드) 및 웹개발자 양성과정,시니스트,1,2019,IOS개발,하이브리드,Flutter
IT·프로그래밍,하이브리드 앱개발(IOS&안드로이드) 및 웹개발자 양성과정,호윤,1,2019,웹&앱개발,하이브리드,Flutter
IT·프로그래밍,자바(Java)기반 하이브리드 앱 개발자 양성과정,플랜위너스,1,2019,Java개발,자바(Java)기반,JAVA
IT·프로그래밍,머신러닝 및 딥러닝을 위한 빅데이터 분석 전문가(빅데이터큐레이션),큐앤피플,1,2019,개발자,머신러닝,"Python, R"
IT·프로그래밍,머신러닝 및 딥러닝을 위한 빅데이터 분석 전문가(빅데이터큐레이션),투디지트,1,2019,빅데이터 분석,머신러닝,"Python, R"
IT·프로그래밍,자바(JAVA)기반 정보보안엔지니어 양성과정,㈜락플레이스,1,2019,서버엔지니어,자바(JAVA)기반,JAVA
IT·프로그래밍,자바(JAVA)기반 정보보안엔지니어 양성과정,㈜투아이스,1,2019,서버엔지니어,자바(JAVA)기반,JAVA
IT·프로그래밍,게임프로그래밍 개발자,사헬스케어뱅크,1,2019,유니티개발,게임프로그래밍,"JAVA, HTML"
IT·프로그래밍,"빅데이터 분석(R)을 위한 자바,파이썬개발자",㈜협성기전,1,2019,솔루션 개발,빅데이터,"JAVA, JSP, SQL, Python"
IT·프로그래밍,"파이썬R을 활용한 빅데이터분석(머신러닝,딥러닝)전문가 양성과정",(주)메먼트,1,2019,데이터 솔루션,파이썬R을,"Python, R "
IT·프로그래밍,자바(JAVA)기반 정보보안엔지니어 양성과정,네이버비즈니스플랫폼주식회사,1,2019,서버엔지니어,자바(JAVA)기반,JAVA
IT·프로그래밍,"빅데이터 분석(R)을 위한 자바,파이썬개발자",㈜가이온,1,2019,소프트웨어 개발,빅데이터,"JAVA, JSP, SQL, Python"
IT·프로그래밍,"빅데이터 분석(R)을 위한 자바,파이썬개발자",㈜환경과학기술,1,2019,소프트웨어 개발,빅데이터,"JAVA, JSP, SQL, Python"
IT·프로그래밍,"빅데이터 분석(R)을 위한 자바,파이썬개발자",㈜휴위드,1,2019,솔루션 개발,빅데이터,"JAVA, JSP, SQL, Python"
IT·프로그래밍,"파이썬과 R을 활용한 빅데이터 분석(머신러닝,딥러닝)전문가 양성과정",주식회사칸타코리아,1,2019,데이터 분석,파이썬과,Python
IT·프로그래밍,빅데이터 분석(R)을 위한 자바개발자,㈜클릭천사,1,2019,소프트웨어 개발,빅데이터,"JAVA, JSP, SQL, Python"
IT·프로그래밍,"자바,파이썬을 활용한 빅데이터플랫폼 개발자",주식회사인라이플,1,2019,데이터솔루션,"자바,파이썬을","JAVA,Python "
IT·프로그래밍,"파이썬과 R을 활용한 빅데이터 분석(머신러닝,딥러닝)전문가 양성과정",(주)e1,1,2019,데이터 분석,파이썬과,Python
IT·프로그래밍,"빅데이터 분석(R)을 위한 자바,파이썬개발자",주식회사스크루바,1,2019,데이터 엔지니어,빅데이터,"JAVA, JSP, SQL, Python"
IT·프로그래밍,"빅데이터 분석(R)을 위한 자바,파이썬개발자",주식회사라오니아에듀테인먼트,1,2019,데이터 엔지니어,빅데이터,"JAVA, JSP, SQL, Python"
IT·프로그래밍,"빅데이터 분석(R)을 위한 자바,파이썬개발자",주식회사더블에이트게임즈,1,2019,데이터 엔지니어,빅데이터,"JAVA, JSP, SQL, Python"
IT·프로그래밍,자바(Java)기반 하이브리드 앱 개발자 양성과정,케이사인,1,2019,Java 개발,자바(Java)기반,JAVA
IT·프로그래밍,자바(Java)기반 하이브리드 앱 개발자 양성과정,제이앤에프커뮤니케이션,1,2019,JAVA 개발,자바(Java)기반,JAVA
IT·프로그래밍,(NCS)자바(JAVA)기반 하이브리드 앱개발,주식회사코이웨어,1,2019,솔루션 개발,(NCS)자바(JAVA)기반,JAVA
IT·프로그래밍,(NCS)자바(JAVA)기반 하이브리드 앱개발,주식회사에이치엔서브,1,2019,솔루션 개발,(NCS)자바(JAVA)기반,JAVA
IT·프로그래밍,"자바,파이썬을 활용한 빅데이터플랫폼 개발자",㈜코리아폴리스쿨,1,2019,솔루션 개발,"자바,파이썬을","JAVA,Python "
IT·프로그래밍,"정보보안(네트워크,서버)엔지니어 양성과정",주식회사엔지엔테크(NGNTech),1,2019,네트워크 엔지니어,"정보보안(네트워크,서버)엔지니어 양성과정","네트워크, 서버 "
IT·프로그래밍,(NCS)자바(JAVA)기반 하이브리드 앱개발,주식회사첨단공간정보,1,2019,소프트웨어 개발,(NCS)자바(JAVA)기반,JAVA
IT·프로그래밍,"자바,파이썬을 활용한 빅데이터플랫폼 개발자",(주)무른모,1,2019,데이터솔루션,"자바,파이썬을","JAVA,Python "
IT·프로그래밍,"자바,파이썬을 활용한 빅데이터플랫폼 개발자",(주)제이에스씨텍,1,2019,데이터솔루션,"자바,파이썬을","JAVA,Python "
IT·프로그래밍,"정보보안(네트워크,서버)엔지니어 양성과정",(주)세븐줄라이,1,2019,네트워크 엔지니어,"정보보안(네트워크,서버)엔지니어","네트워크, 서버"
IT·프로그래밍,"빅데이터 분석(R)을 위한 자바,파이썬개발자",(주)아이투맥스,1,2019,데이터 엔지니어,빅데이터,"JAVA, JSP, SQL, Python"
IT·프로그래밍,"파이썬R을 활용한 빅데이터분석(머신러닝,딥러닝)전문가 양성과정",(주)가이온,1,2019,빅데이터 분석,파이썬R을,"Python, R "
IT·프로그래밍,(NCS)스마트기기 UI/UX디자인(웹&앱디자인),(주)골드넥스,1,2019,퍼블리셔,(NCS)스마트기기,"JAVA, HTML"
IT·프로그래밍,(NCS)스마트기기 UI/UX디자인(웹&앱디자인),잠보소프트,1,2019,웹에이전시,(NCS)스마트기기,"JAVA, HTML"
IT·프로그래밍,자바(Java)기반 하이브리드 앱 개발자 양성과정,우신인포텍,1,2019,JAVA개발,자바(Java)기반,JAVA
IT·프로그래밍,자바(Java)기반 하이브리드 앱 개발자 양성과정,조앤소프트,1,2019,웹개발자,자바(Java)기반,JAVA
IT·프로그래밍,자바(Java)기반 하이브리드 앱 개발자 양성과정,케이사인,1,2019,웹개발,자바(Java)기반,JAVA
IT·프로그래밍,하이브리드 앱개발(IOS&안드로이드) 및 웹개발자 양성과정,밸류시스,1,2019,웹개발,하이브리드,Flutter
IT·프로그래밍,하이브리드 앱개발(IOS&안드로이드) 및 웹개발자 양성과정,페이코어,1,2019,웹개발,하이브리드,Flutter
IT·프로그래밍,하이브리드 앱개발(IOS&안드로이드) 및 웹개발자 양성과정,컨플커뮤니케이션,1,2019,앱개발,하이브리드,Flutter
IT·프로그래밍,하이브리드 앱개발(IOS&안드로이드) 및 웹개발자 양성과정,진코퍼레이션,1,2019,Java 개발,하이브리드,Flutter
IT·프로그래밍,하이브리드 앱개발(IOS&안드로이드) 및 웹개발자 양성과정,베이글,1,2019,웹 및 앱개발,하이브리드,Flutter
IT·프로그래밍,하이브리드 앱개발(IOS&안드로이드) 및 웹개발자 양성과정,웹비즈,1,2019,웹개발,하이브리드,Flutter
IT·프로그래밍,하이브리드 앱개발(IOS&안드로이드) 및 웹개발자 양성과정,네오위즈플레이스튜디오,1,2019,QA,하이브리드,Flutter
IT·프로그래밍,하이브리드 앱개발(IOS&안드로이드) 및 웹개발자 양성과정,지엔텔,1,2019,웹개발,하이브리드,Flutter
IT·프로그래밍,전자정부 표준프레임워크 응용SW개발자 과정,네티웰,1,2019,웹개발자,전자정부,"JAVA, JSP, JQuery"
IT·프로그래밍,전자정부 표준프레임워크 응용SW개발자 과정,피제이에프앤비,1,2019,JAVA 개발,전자정부,"JAVA, JSP, JQuery"
IT·프로그래밍,"정보보안(네트워크,서버)엔지니어 양성과정",㈜링크프라이스,1,2019,솔루션 개발,"정보보안(네트워크,서버)엔지니어","네트워크, 서버"
IT·프로그래밍,"자바,파이썬을 활용한 빅데이터플랫폼 개발자",㈜오픈메이트,1,2019,빅데이터 분석,"자바,파이썬을","JAVA,Python "
IT·프로그래밍,"정보보안(네트워크,서버)엔지니어 양성과정",㈜찬영씨엔씨,1,2019,네트워크엔지니어,"정보보안(네트워크,서버)엔지니어","네트워크, 서버"
IT·프로그래밍,"파이썬과 R을 활용한빅데이터 분석(머신러닝,딥러닝)전문가 양성과정",내가그린기린그림,1,2019,기획/분석,파이썬과,Python
IT·프로그래밍,"정보보안(네트워크,서버)엔지니어 양성과정",파텍아이앤씨,1,2019,소프트웨어 개발,"정보보안(네트워크,서버)엔지니어 양성과정","네트워크, 서버 "
IT·프로그래밍,"정보보안(네트워크,서버)엔지니어 양성과정",다온시스템즈,1,2019,소프트웨어 개발,"정보보안(네트워크,서버)엔지니어 양성과정","네트워크, 서버 "
IT·프로그래밍,"자바,파이썬을 활용한 빅데이터플랫폼 개발자",㈜빅밸류,1,2019,빅데이터 분석,"자바,파이썬을","JAVA,Python "
IT·프로그래밍,"정보보안(네트워크,서버)엔지니어 양성과정",베스핀글로벌주식회사,1,2019,서버관리,"정보보안(네트워크,서버)엔지니어 양성과정","네트워크, 서버 "
IT·프로그래밍,"빅데이터 분석(R)을 위한 자바,파이선 개발자",㈜데이타포트,1,2019,데이터관리,빅데이터,"JAVA, JSP, SQL, Python"
IT·프로그래밍,하이브리드 앱개발(IOS&안드로이드) 및 웹개발자 양성과정,엠지엠엘,1,2019,웹개발,하이브리드,Flutter
IT·프로그래밍,하이브리드 앱개발(IOS&안드로이드) 및 웹개발자 양성과정,엑스콜로,1,2019,웹개발,하이브리드,Flutter
IT·프로그래밍,"파이썬과 R을 활용한 빅데이터분석(머신러닝,딥러닝)과정",알씨아이파이낸셜서비스코리아주식회사,1,2019,빅데이터 분석 및 기획,파이썬과,Python
IT·프로그래밍,UI/UX엔지니어링 및 응용sw엔지니어링 양성과정,솔레오,1,2019,웹개발,UI/UX엔지니어링,JAVA
IT·프로그래밍,UI/UX엔지니어링 및 응용sw엔지니어링 양성과정,유알피시스템,1,2019,웹개발,UI/UX엔지니어링,JAVA
IT·프로그래밍,UI/UX엔지니어링 및 응용sw엔지니어링 양성과정,아이디웍스시스템,1,2019,웹개발,UI/UX엔지니어링,JAVA
IT·프로그래밍,하이브리드 앱개발(IOS&안드로이드) 및 웹개발자 양성과정,원큐브마케팅,1,2019,웹&앱개발,하이브리드,Flutter
IT·프로그래밍,하이브리드 앱개발(IOS&안드로이드) 및 웹개발자 양성과정,미르테크,1,2019,웹개발,하이브리드,Flutter
IT·프로그래밍,하이브리드 앱개발(IOS&안드로이드) 및 웹개발자 양성과정,서울시뉴딜,1,2019,웹개발,하이브리드,Flutter
IT·프로그래밍,하이브리드 앱개발(IOS&안드로이드) 및 웹개발자 양성과정,디엔에스인포,1,2019,웹개발,하이브리드,Flutter
IT·프로그래밍,하이브리드 앱개발(IOS&안드로이드) 및 웹개발자 양성과정,루나랩스,1,2019,웹개발,하이브리드,Flutter
IT·프로그래밍,하이브리드 앱개발(IOS&안드로이드) 및 웹개발자 양성과정,몬스터큐브,1,2019,웹개발,하이브리드,Flutter
IT·프로그래밍,전자정부 표준프레임워크 응용SW개발자 과정,아이인포트리,1,2019,웹 개발,전자정부,"JAVA, JSP, JQuery"
IT·프로그래밍,전자정부 표준프레임워크 응용SW개발자 과정,유아이네트웍스,1,2019,웹 개발,전자정부,"JAVA, JSP, JQuery"
IT·프로그래밍,전자정부 표준프레임워크 응용SW개발자 과정,데이타와이드,1,2019,개발자,전자정부,"JAVA, JSP, JQuery"
IT·프로그래밍,빅데이터 분석 및 응용SW엔지니어링 양성과정,데이타솔루션,1,2019,데이터분석,빅데이터,"JAVA, JSP, SQL, Python"
IT·프로그래밍,빅데이터 분석 및 응용SW엔지니어링 양성과정,씨드아이티,1,2019,웹개발,빅데이터,"JAVA, JSP, SQL, Python"
IT·프로그래밍,"정보보안(네트워크,서버)엔지니어 양성과정 - 1",서울정보시스템,1,2019,솔루션개발,"정보보안(네트워크,서버)엔지니어","네트워크, 서버"
IT·프로그래밍,(NCS)자바(JAVA)기반 하이브리드 앱개발,에프원테크시스템즈주식회사,1,2019,솔루션 개발,(NCS)자바(JAVA)기반,JAVA
IT·프로그래밍,(NCS)자바(JAVA)기반 하이브리드 앱개발,㈜오토위니,1,2019,소프트웨어개발,(NCS)자바(JAVA)기반,JAVA
IT·프로그래밍,"파이썬과 R을 활용한 빅데이터 분석(머신러닝,딥러닝)전문가 양성과정",㈜엔씨소프트,1,2019,데이터 분석,파이썬과,Python
IT·프로그래밍,빅데이터 분석(R)을 위한 자바개발자,㈜리파인,1,2019,데이터 분석,빅데이터,"JAVA, JSP, SQL, Python"
IT·프로그래밍,게임프로그래밍 개발자,주식회사유스티스,1,2019,게임프로그래밍개발,게임프로그래밍,"JAVA, HTML"
IT·프로그래밍,"정보보안(네트워크,서버)엔지니어 양성과정",참조은병원,1,2019,서버관리,"정보보안(네트워크,서버)엔지니어","네트워크, 서버"
IT·프로그래밍,"빅데이터 분석(R)을 위한 자바,파이선 개발자",㈜위너정보기술,1,2019,솔루션 개발,빅데이터,"JAVA, JSP, SQL, Python"
IT·프로그래밍,"파이썬과 R을 활용한 빅데이터 분석(머신러닝,딥러닝)전문가 양성과정",㈜가이온,1,2019,데이터분석,파이썬과,Python
IT·프로그래밍,빅데이터 분석(R)을 위한 자바개발자,주식회사모딧,1,2019,데이터플랫폼개발,빅데이터,"JAVA, JSP, SQL, Python"
IT·프로그래밍,빅데이터 분석(R)을 위한 자바개발자,한국오므론제어기기주식회사,1,2019,소프트웨어개발,빅데이터,"JAVA, JSP, SQL, Python"
IT·프로그래밍,"빅데이터 분석(R)을 위한 자바,파이선 개발자",㈜엔셀,1,2019,솔루션 개발,빅데이터,"JAVA, JSP, SQL, Python"
IT·프로그래밍,"정보보안(네트워크,서버)엔지니어 양성과정",인세이프,1,2019,보안솔루션개발,"정보보안(네트워크,서버)엔지니어","네트워크, 서버"
IT·프로그래밍,"정보보안(네트워크,서버)엔지니어 양성과정",(주)유씨웨어,1,2019,솔루션개발,"정보보안(네트워크,서버)엔지니어","네트워크, 서버"
IT·프로그래밍,"정보보안(네트워크,서버)엔지니어 양성과정",(주)유호스트,1,2019,서버관리,"정보보안(네트워크,서버)엔지니어","네트워크, 서버"
IT·프로그래밍,"정보보안(네트워크,서버)엔지니어 양성과정",㈜비아웹,1,2019,서버관리,"정보보안(네트워크,서버)엔지니어","네트워크, 서버"
IT·프로그래밍,"정보보안(네트워크,서버)엔지니어 양성과정",아이스콥,1,2019,솔루션개발,"정보보안(네트워크,서버)엔지니어","네트워크, 서버"
IT·프로그래밍,"정보보안(네트워크,서버)엔지니어 양성과정",라미오니네트워크,1,2019,네트워크 보안,"정보보안(네트워크,서버)엔지니어","네트워크, 서버"
IT·프로그래밍,"파이썬과 R을 활용한 빅데이터 분석(머신러닝,딥러닝)전문가 양성과정",주식회사데이터마케팅코리아,1,2019,데이터분석,파이썬과,Python
IT·프로그래밍,"파이썬과 R을 활용한 빅데이터 분석(머신러닝,딥러닝)전문가 양성과정",㈜비즈데이터,1,2019,데이터분석,파이썬과,Python
IT·프로그래밍,"빅데이터 분석(R)을 위한 자바,파이선 개발자",㈜디비아이엔씨,1,2019,웹개발,빅데이터,"JAVA, JSP, SQL, Python"
IT·프로그래밍,"빅데이터 분석(R)을 위한 자바,파이선 개발자",청오디피케이㈜,1,2019,데이터마케팅,빅데이터,"JAVA, JSP, SQL, Python"
IT·프로그래밍,빅데이터 분석(R)을 위한 자바개발자,㈜윈드폴,1,2019,솔루션 개발,빅데이터,"JAVA, JSP, SQL, Python"
IT·프로그래밍,"빅데이터 분석(R)을 위한 자바,파이선 개발자",㈜케이티디에스,1,2018,소프트웨어 개발,빅데이터,"JAVA, JSP, SQL, Python"
IT·프로그래밍,"빅데이터 분석(R)을 위한 자바,파이선 개발자",㈜KB국민카드,1,2018,데이터마케팅,빅데이터,"JAVA, JSP, SQL, Python"
IT·프로그래밍,(NCS)자바(JAVA)기반 하이브리드 앱개발,㈜에스엔테크놀로지,1,2019,소프트웨어개발,(NCS)자바(JAVA)기반,JAVA
IT·프로그래밍,"파이썬과 R을 활용한빅데이터 분석(머신러닝,딥러닝)",LG CNS,1,2019,IT/분석,파이썬과,Python
IT·프로그래밍,"파이썬과 R을 활용한빅데이터 분석(머신러닝,딥러닝)",넷마블,1,2019,데이터분석팀,파이썬과,Python
IT·프로그래밍,빅데이터 분석(R)을 위한 자바개발자,한국언론진흥재단,1,2018,광고,빅데이터,"JAVA, JSP, SQL, Python"
IT·프로그래밍,"파이썬과 R을 활용한 빅데이터 분석(머신러닝,딥러닝)전문가 양성과정",(주)에스티유니타스,1,2019,분석개발,파이썬과,Python
IT·프로그래밍,빅데이터 분석(R)을 위한 자바개발자,주식회사소프트데우스,1,2018,솔루션 개발,빅데이터,"JAVA, JSP, SQL, Python"
IT·프로그래밍,빅데이터 분석(R)을 위한 자바개발자,비욘드플랫폼서비스주식회사,1,2019,데이터 분석,빅데이터,"JAVA, JSP, SQL, Python"
IT·프로그래밍,"빅데이터 분석(R)을 위한 자바,파이선 개발자",주식회사아이콘루프,1,2018,블록체인 엔진 개발,빅데이터,"JAVA, JSP, SQL, Python"
IT·프로그래밍,"빅데이터 분석(R)을 위한 자바,파이선 개발자",주식회사크리에이터링크,1,2018,소프트웨어 개발,빅데이터,"JAVA, JSP, SQL, Python"
IT·프로그래밍,"빅데이터 분석(R)을 위한 자바,파이선 개발자",(주)유펜솔루션,1,2019,솔루션 개발,빅데이터,"JAVA, JSP, SQL, Python"
IT·프로그래밍,"빅데이터 분석(R)을 위한 자바,파이선 개발자",한국전력공사,1,2018,소프트웨어 개발,빅데이터,"JAVA, JSP, SQL, Python"
IT·프로그래밍,"빅데이터 분석(R)을 위한 자바,파이선 개발자",엔에이치엔엔터테인먼트주식회사,1,2019,소프트웨어 개발,빅데이터,"JAVA, JSP, SQL, Python"
IT·프로그래밍,"파이썬과 R을 활용한 빅데이터 분석(머신러닝,딥러닝)전문가 양성과정",(주)다이퀘스트,1,2018,데이터 구축,파이썬과,Python
IT·프로그래밍,"파이썬과 R을 활용한 빅데이터 분석(머신러닝,딥러닝)전문가 양성과정",(주)하몬소프트,1,2018,로그데이터 분석,파이썬과,Python
IT·프로그래밍,"파이썬과 R을 활용한 빅데이터 분석(머신러닝,딥러닝)전문가 양성과정",(주)인텔리코드,1,2018,빅데이터분석,파이썬과,Python
IT·프로그래밍,"파이썬과 R을 활용한 빅데이터 분석(머신러닝,딥러닝)전문가 양성과정",㈜윈비,1,2018,빅데이터분석및개발,파이썬과,Python
IT·프로그래밍,"빅데이터 분석(R)을 위한 자바,파이선 개발자",메이슨인텔리전스㈜,1,2018,소프트웨어 개발,빅데이터,"JAVA, JSP, SQL, Python"
IT·프로그래밍,(NCS)자바(JAVA)기반 하이브리드 앱개발,(주)포씨소프트,1,2018,응용 소프트웨어 개발,(NCS)자바(JAVA)기반,JAVA
IT·프로그래밍,(NCS)자바(JAVA)기반 하이브리드 앱개발,(주)아이에스티소프트,1,2018,소프트웨어개발,(NCS)자바(JAVA)기반,JAVA
IT·프로그래밍,빅데이터 분석(R)을 위한 자바개발자,㈜제이에스씨텍,1,2018,빅데이터분석,빅데이터,"JAVA, JSP, SQL, Python"
IT·프로그래밍,"빅데이터 분석(R)을 위한 자바,파이선 개발자",한국리스크관리㈜,1,2018,핀테크,빅데이터,"JAVA, JSP, SQL, Python"
IT·프로그래밍,"빅데이터 분석(R)을 위한 자바,파이선 개발자",(주)토마토시스템,1,2018,솔루션 개발,빅데이터,"JAVA, JSP, SQL, Python"
IT·프로그래밍,"빅데이터 분석(R)을 위한 자바,파이선 개발자",(주)유펜솔루션,1,2018,솔루션 개발,빅데이터,"JAVA, JSP, SQL, Python"
IT·프로그래밍,"빅데이터 분석(R)을 위한 자바,파이선 개발자",(주)엔데이터,1,2018,응용 소프트웨어 개발,빅데이터,"JAVA, JSP, SQL, Python"
IT·프로그래밍,"빅데이터 분석(R)을 위한 자바,파이선 개발자",주식회사인라이플,1,2018,소프트웨어개발,빅데이터,"JAVA, JSP, SQL, Python"
IT·프로그래밍,"파이썬과 R을 활용한 빅데이터 분석(머신러닝,딥러닝)전문가 양성과정",건국대학교 산학협력단,1,2018,연구원,파이썬과,Python
IT·프로그래밍,"파이썬과 R을 활용한 빅데이터 분석(머신러닝,딥러닝)전문가 양성과정",비에이코리아주식회사,1,2018,데이터분석,파이썬과,Python
IT·프로그래밍,"빅데이터 분석(R)을 위한 자바,파이선 개발자",애자일소다,1,2018,데이터분석,빅데이터,"JAVA, JSP, SQL, Python"
IT·프로그래밍,"빅데이터 분석(R)을 위한 자바,파이선 개발자",㈜업데이트,1,2018,경영관리/데이터분석,빅데이터,"JAVA, JSP, SQL, Python"
IT·프로그래밍,"빅데이터 분석(R)을 위한 자바,파이선 개발자",주식회사 마이셀럽스,1,2018,데이터분석,빅데이터,"JAVA, JSP, SQL, Python"
IT·프로그래밍,"빅데이터 분석(R)을 위한 자바,파이선 개발자",(주)제너시스,1,2018,경영지원,빅데이터,"JAVA, JSP, SQL, Python"
IT·프로그래밍,"빅데이터 분석(R)을 위한 자바,파이선 개발자",NH투자증권,1,2018,데이터분석,빅데이터,"JAVA, JSP, SQL, Python"
IT·프로그래밍,"빅데이터 분석(R)을 위한 자바,파이선 개발자",(주)와이드넷엔지니어링,1,2018,프로그래머,빅데이터,"JAVA, JSP, SQL, Python"
IT·프로그래밍,"빅데이터 분석(R)을 위한 자바,파이썬개발자",프론테오코리아㈜,1,2018,PE,빅데이터,"JAVA, JSP, SQL, Python"
IT·프로그래밍,자바기반 사물인터넷(IOT)개발자(파이썬),주식회사에이엘비,1,2018,소프트웨어개발,자바기반,JAVA
IT·프로그래밍,"빅데이터 분석(R)을 위한 자바,파이선 개발자",(주)링크제니시스,1,2018,소프트웨어개발,빅데이터,"JAVA, JSP, SQL, Python"
IT·프로그래밍,빅데이터 분석(R)을 위한 자바개발자,㈜아이브릭스,1,2018,데이터 분석,빅데이터,"JAVA, JSP, SQL, Python"
IT·프로그래밍,"빅데이터 분석(R)을 위한 자바,파이선 개발자",㈜솔트룩스,1,2018,빅데이터 분석,빅데이터,"JAVA, JSP, SQL, Python"
IT·프로그래밍,자바기반 사물인터넷(IOT)개발자(파이썬),아이굿,1,2018,소프트웨어개발,자바기반,JAVA
IT·프로그래밍,자바기반 사물인터넷(IOT)개발자(파이썬),㈜라온즈,1,2018,소프트웨어개발,자바기반,JAVA
IT·프로그래밍,빅데이터 분석(R)을 위한 자바개발자,레페리,1,2018,빅데이터 솔루션,빅데이터,"JAVA, JSP, SQL, Python"
IT·프로그래밍,빅데이터(R)를 위한 JAVA개발자,(주)위니텍,1,2018,ISD본부,빅데이터(R)를,"Python, R"
IT·프로그래밍,자바기반 사물인터넷(IOT)개발자(파이썬),㈜우리소프트,1,2018,소프트웨어개발,자바기반,JAVA
IT·프로그래밍,"빅데이터 분석(R)을 위한 자바,파이선 개발자",㈜에이엠피엠글로벌,1,2018,데이터마케팅,빅데이터,"JAVA, JSP, SQL, Python"
IT·프로그래밍,자바기반 사물인터넷(IOT)개발자(파이썬),㈜비드넷씨앤씨,1,2018,웹개발,자바기반,JAVA
IT·프로그래밍,자바(JAVA)기반 정보보안엔지니어 양성과정,(주)투아이스,1,2018,네트워크 엔지니어,자바(JAVA)기반,JAVA
IT·프로그래밍,"빅데이터 분석(R)을 위한 자바,파이선 개발자",펜타시스템테크놀러지(주),1,2018,데이터분석,빅데이터,"JAVA, JSP, SQL, Python"
IT·프로그래밍,"빅데이터 분석(R)을 위한 자바,파이썬개발자",주식회사런치윗,1,2018,프로그래머,빅데이터,"JAVA, JSP, SQL, Python"
IT·프로그래밍,자바기반 사물인터넷(IOT)개발자(파이썬),㈜컴텔싸인,1,2018,소프트웨어개발,자바기반,JAVA
IT·프로그래밍,빅데이터 분석(R)을 위한 자바개발자,㈜샘비즈니스,1,2018,데이터분석,빅데이터,"JAVA, JSP, SQL, Python"
IT·프로그래밍,"(NCS)기계요소설계(캐드,카티아)양성과정",㈜로그인디지탈,1,2018,기계설계,"(NCS)기계요소설계(캐드,카티아)양성과정","CAD, CATIA"
IT·프로그래밍,빅데이터 분석(R)을 위한 자바개발자,㈜우리씨앤씨,1,2018,솔루션업,빅데이터,"JAVA, JSP, SQL, Python"
IT·프로그래밍,빅데이터 분석(R)을 위한 자바개발자,주식회사블루코어,1,2018,솔루션 개발,빅데이터,"JAVA, JSP, SQL, Python"
IT·프로그래밍,자바기반 사물인터넷(IOT)개발자(파이썬),주식회사체인리펀드,1,2018,소프트웨어개발,자바기반,JAVA
IT·프로그래밍,자바기반 사물인터넷(IOT)개발자(파이썬),주식회사에스투피테크,1,2018,소프트웨어개발,자바기반,JAVA
IT·프로그래밍,"빅데이터 분석(R)을 위한 자바,파이썬개발자",SK(주),1,2018,데이터분석,빅데이터,"JAVA, JSP, SQL, Python"
IT·프로그래밍,"빅데이터 분석(R)을 위한 자바,파이썬개발자",(주)라이브,1,2018,데이터분석,빅데이터,"JAVA, JSP, SQL, Python"
IT·프로그래밍,"빅데이터 분석(R)을 위한 자바,파이선 개발자",㈜서스틴베스트,1,2018,데이터분석,빅데이터,"JAVA, JSP, SQL, Python"
IT·프로그래밍,자바기반 사물인터넷(IOT)개발자(파이썬),온상주식회사,1,2018,웹개발,자바기반,JAVA
IT·프로그래밍,자바기반 사물인터넷(IOT)개발자(파이썬),시크릿타운주식회사,1,2018,소프트웨어개발,자바기반,JAVA
IT·프로그래밍,빅데이터 분석(R)을 위한 자바개발자,지티플러스주식회사,1,2018,DB엔지니어,빅데이터,"JAVA, JSP, SQL, Python"
IT·프로그래밍,빅데이터 분석(R)을 위한 자바개발자,주식회사비트망고,1,2018,데이터분석업,빅데이터,"JAVA, JSP, SQL, Python"
IT·프로그래밍,빅데이터 분석(R)을 위한 자바개발자,㈜푸름데이타웨어,1,2018,시스템컨설팅,빅데이터,"JAVA, JSP, SQL, Python"
IT·프로그래밍,빅데이터 분석(R)을 위한 자바개발자,㈜빌트온,1,2018,빅데이터분석,빅데이터,"JAVA, JSP, SQL, Python"
IT·프로그래밍,(NCS)자바(JAVA)기반 하이브리드 앱개발,우리씨앤씨,1,2018,SI,(NCS)자바(JAVA)기반,JAVA
IT·프로그래밍,(NCS)자바(JAVA)기반 하이브리드 앱개발,일선솔루션,1,2018,SI,(NCS)자바(JAVA)기반,JAVA
IT·프로그래밍,빅데이터 분석(R)을 위한 자바개발자,㈜이비아이앤씨,1,2018,금융웹개발,빅데이터,"JAVA, JSP, SQL, Python"
IT·프로그래밍,자바(JAVA)기반 정보보안엔지니어 양성과정,더조은컴퓨터아트학원,1,2018,IT계열강사,자바(JAVA)기반,JAVA
IT·프로그래밍,자바기반 사물인터넷(IOT)개발자(파이썬),주식회사내담씨앤씨,1,2018,웹개발,자바기반,JAVA
IT·프로그래밍,자바기반 사물인터넷(IOT)개발자(파이썬),주식회사세현아이씨티,1,2018,웹개발,자바기반,JAVA
IT·프로그래밍,자바기반 사물인터넷(IOT)개발자(파이썬),㈜유비아이오티,1,2018,솔루션개발,자바기반,JAVA
IT·프로그래밍,자바기반 사물인터넷(IOT)개발자(파이썬),에이앤비테크㈜,1,2018,프로그램개발,자바기반,JAVA
IT·프로그래밍,"빅데이터 분석(R)을 위한 자바,파이선 개발자",주식회사 인벤티스,1,2018,웹개발,빅데이터,"JAVA, JSP, SQL, Python"
IT·프로그래밍,"빅데이터 분석(R)을 위한 자바,파이선 개발자",주식회사 인벤티스,1,2018,웹개발,빅데이터,"JAVA, JSP, SQL, Python"
IT·프로그래밍,(NCS)자바(JAVA)기반 하이브리드 앱개발,㈜이프정보시스템,1,2018,웹개발,(NCS)자바(JAVA)기반,JAVA
IT·프로그래밍,"빅데이터 분석(R)을 위한 자바,파이썬개발자",디토닉 주식회사,1,2018,빅데이터분석,빅데이터,"JAVA, JSP, SQL, Python"
IT·프로그래밍,"빅데이터 분석(R)을 위한 자바,파이썬개발자",티티비주식회사,1,2018,빅데이터분석,빅데이터,"JAVA, JSP, SQL, Python"
IT·프로그래밍,"빅데이터 분석(R)을 위한 자바,파이썬개발자",주식회사제이슨와이,1,2018,서버개발,빅데이터,"JAVA, JSP, SQL, Python"
IT·프로그래밍,빅데이터 분석(R)을 위한 자바개발자,㈜제이에스씨텍,1,2018,웹개발,빅데이터,"JAVA, JSP, SQL, Python"
IT·프로그래밍,자바(JAVA)기반 정보보안엔지니어 양성과정,(주)케이디아이씨,1,2018,시스템엔지니어,자바(JAVA)기반,JAVA
IT·프로그래밍,자바기반 사물인터넷(IOT)개발자(파이썬),㈜더디지털,1,2018,웹운용관리,자바기반,JAVA
IT·프로그래밍,자바기반 사물인터넷(IOT)개발자(파이썬),주식회사넥스트아이씨티,1,2018,웹개발,자바기반,JAVA
IT·프로그래밍,빅데이터 분석(R)을 위한 자바개발자,(주)한국산업인덱스,1,2018,웹개발,빅데이터,"JAVA, JSP, SQL, Python"
IT·프로그래밍,자바(JAVA)기반 정보보안엔지니어 양성과정,주식회사 엠씨넥스,1,2018,전자장치설계,자바(JAVA)기반,JAVA
IT·프로그래밍,자바(JAVA)기반 정보보안엔지니어 양성과정,㈜아인스테크,1,2018,서버관리,자바(JAVA)기반,JAVA
IT·프로그래밍,자바(JAVA)기반 정보보안엔지니어 양성과정,㈜이호스트데이터센터,1,2018,서버관리,자바(JAVA)기반,JAVA
IT·프로그래밍,자바(JAVA)기반 정보보안엔지니어 양성과정,(주)엔이에스,1,2018,OS운영,자바(JAVA)기반,JAVA
IT·프로그래밍,자바(JAVA)기반 정보보안엔지니어 양성과정,(주)엔이에스,1,2018,OS운영,자바(JAVA)기반,JAVA
IT·프로그래밍,자바(JAVA)기반 정보보안엔지니어 양성과정,이니텍(주),1,2018,시스템엔지니어,자바(JAVA)기반,JAVA
IT·프로그래밍,자바(JAVA)기반 정보보안엔지니어 양성과정,주식회사구루앤,1,2018,네트워크엔지니어,자바(JAVA)기반,JAVA
IT·프로그래밍,자바(JAVA)기반 정보보안엔지니어 양성과정,(주)디디엘넷,1,2018,네트워크엔지니어,자바(JAVA)기반,JAVA
IT·프로그래밍,자바기반의 DB(오라클)엔지니어 양성과정,(주)가온아이,1,2018,웹개발,자바기반의,JAVA 
IT·프로그래밍,자바기반의 DB(오라클)엔지니어 양성과정,(주)신나는플랫폼,1,2018,웹개발,자바기반의,JAVA 
IT·프로그래밍,빅데이터 분석(R)을 위한 자바개발자,㈜챔프정보,1,2018,웹개발,빅데이터,"JAVA, JSP, SQL, Python"
IT·프로그래밍,"빅데이터 분석(R)을 위한 자바,파이선 개발자",브레인즈스퀘어㈜,1,2018,웹개발,빅데이터,"JAVA, JSP, SQL, Python"
IT·프로그래밍,자바(JAVA)기반 안드로이드개발자,(주)마이창고,1,2018,소프트웨어개발,자바(JAVA)기반,JAVA
IT·프로그래밍,"빅데이터 분석(R)을 위한 자바,파이선 개발자",㈜스타리,1,2018,웹개발,빅데이터,"JAVA, JSP, SQL, Python"
IT·프로그래밍,자바(JAVA)기반 안드로이드개발자,㈜키스템프그룹,1,2018,소프트웨어개발,자바(JAVA)기반,JAVA
IT·프로그래밍,"빅데이터 분석(R)을 위한 자바,파이선 개발자",(주)제이에스씨텍,1,2018,웹개발,빅데이터,"JAVA, JSP, SQL, Python"
IT·프로그래밍,"빅데이터 분석(R)을 위한 자바,파이선 개발자",네오에스티엠,1,2018,웹개발,빅데이터,"JAVA, JSP, SQL, Python"
IT·프로그래밍,빅데이터 분석(R)을 위한 자바개발자,토피아정보기술(주),1,2018,웹개발,빅데이터,"JAVA, JSP, SQL, Python"
IT·프로그래밍,(NCS)자바(JAVA)기반 하이브리드 앱개발,(주)씨엠이소프트,1,2018,웹개발,(NCS)자바(JAVA)기반,JAVA
IT·프로그래밍,자바기반의 DB(오라클)엔지니어 양성과정,R&D센터,1,2018,엔지니어,자바기반의,JAVA 
IT·프로그래밍,모바일앱&웹디자인콘텐츠개발,삼성웰스토리(주),1,2018,요식업 판매,모바일앱&웹디자인콘텐츠개발,"안드로이드, IOS, JAVA, HTML"
IT·프로그래밍,(NCS)자바(JAVA)기반 하이브리드 앱개발,주식회사아하소프트,1,2018,웹 개발,(NCS)자바(JAVA)기반,JAVA
IT·프로그래밍,(NCS)자바(JAVA)기반 하이브리드 앱개발,(주)애펠모터스,1,2018,영업관리,(NCS)자바(JAVA)기반,JAVA
IT·프로그래밍,빅데이터R을 위한 자바파이썬 개발자,(주)천명소프트,1,2018,웹개발,빅데이터R을,"JAVA, JSP, SQL, Python, R "
IT·프로그래밍,빅데이터R을 위한 자바파이썬 개발자,(주)에피르,1,2018,웹개발,빅데이터R을,"JAVA, JSP, SQL, Python, R "
IT·프로그래밍,자바(JAVA)기반 정보보안엔지니어 양성과정,(주)티아이솔루션,1,2017,서버엔지니어,자바(JAVA)기반,JAVA
IT·프로그래밍,자바기반 사물인터넷(IOT)개발자(파이썬),루나소프트,1,2018,웹개발,자바기반,JAVA
IT·프로그래밍,자바기반 사물인터넷(IOT)개발자(파이썬),㈜언어과학,1,2018,웹개발,자바기반,JAVA
IT·프로그래밍,자바기반 사물인터넷(IOT)개발자(파이썬),㈜언어과학,1,2018,웹개발,자바기반,JAVA
IT·프로그래밍,모바일앱&웹디자인콘텐츠개발,주식회사인디엠,1,2018,웹디자인,모바일앱&웹디자인콘텐츠개발,"안드로이드, IOS, JAVA, HTML"
IT·프로그래밍,자바기반의 DB(오라클)엔지니어 양성과정,고려정보기술(주),1,2018,시스템 소프트웨어 개발,자바기반의,JAVA 
IT·프로그래밍,(NCS)자바(JAVA)기반 하이브리드 앱개발,(주)아카넷서울지사,1,2018,프로그래밍,(NCS)자바(JAVA)기반,JAVA
IT·프로그래밍,자바기반 사물인터넷(IOT)개발자,(주)모두스원,1,2018,웹프로그래머,자바기반,JAVA
IT·프로그래밍,자바기반 사물인터넷(IOT)개발자,제트핑거소프트,1,2018,웹개발,자바기반,JAVA
IT·프로그래밍,자바기반 사물인터넷(IOT)개발자,아이씨티웨이주식회사,1,2018,웹프로그래머,자바기반,JAVA
IT·프로그래밍,자바기반 사물인터넷(IOT)개발자,인터스카이㈜,1,2018,앱개발,자바기반,JAVA
IT·프로그래밍,자바(JAVA)기반 정보보안엔지니어 양성과정,㈜나이츠넷,1,2018,네트워크엔지니어,자바(JAVA)기반,JAVA
IT·프로그래밍,자바(JAVA)기반 정보보안엔지니어 양성과정,㈜나이츠넷,1,2018,네트워크엔지니어,자바(JAVA)기반,JAVA
IT·프로그래밍,자바(JAVA)기반 정보보안엔지니어 양성과정,㈜나이츠넷,1,2018,네트워크엔지니어,자바(JAVA)기반,JAVA
IT·프로그래밍,자바(JAVA)기반 정보보안엔지니어 양성과정,㈜에이원네트웍스,1,2018,시스템엔지니어,자바(JAVA)기반,JAVA
IT·프로그래밍,자바(JAVA)기반 정보보안엔지니어 양성과정,㈜에이원네트웍스,1,2018,시스템엔지니어,자바(JAVA)기반,JAVA
IT·프로그래밍,자바(JAVA)기반 정보보안엔지니어 양성과정,(주)비너스컨설팅,1,2018,전산관리,자바(JAVA)기반,JAVA
IT·프로그래밍,"(NCS)기계요소설계(캐드,카티아)양성과정",우리마이크론(주),1,2018,기계설계,"(NCS)기계요소설계(캐드,카티아)양성과정","CAD, CATIA"
IT·프로그래밍,(NCS)자바(JAVA)기반 하이브리드 앱개발,(주)두잇시스템,1,2018,소프트웨어 개발,(NCS)자바(JAVA)기반,JAVA
IT·프로그래밍,빅데이터 분석(R)을 위한 자바개발자,한국모바일인증(주),1,2018,소프트웨어개발,빅데이터,"JAVA, JSP, SQL, Python"
IT·프로그래밍,"(NCS)기계요소설계(캐드,카티아)양성과정",주식회사한라기계상사,1,2018,기계설계,"(NCS)기계요소설계(캐드,카티아)양성과정","CAD, CATIA"
IT·프로그래밍,(NCS)자바(JAVA)기반 하이브리드 앱개발,(주)웨인테크놀로지,1,2018,데이터베이스관리,(NCS)자바(JAVA)기반,JAVA
IT·프로그래밍,빅데이터 분석(R)을 위한 자바개발자,출판명인주식회사,1,2018,기타 인쇄물 도매업,빅데이터,"JAVA, JSP, SQL, Python"
IT·프로그래밍,자바(JAVA)기반 안드로이드개발자,비엔피파리바카디프생명보험(주),1,2018,상품계리부,자바(JAVA)기반,JAVA
IT·프로그래밍,"(NCS)기계요소설계(캐드,카티아)양성과정",주식회사한독칼로스메디칼,1,2018,기계설계,"(NCS)기계요소설계(캐드,카티아)양성과정","CAD, CATIA"
IT·프로그래밍,빅데이터 분석(R)을 위한 자바개발자,현대제철주식회사본사,1,2018,설계,빅데이터,"JAVA, JSP, SQL, Python"
IT·프로그래밍,빅데이터 분석(R)을 위한 자바개발자,(주)엘지씨엔에스,1,2018,소프트웨어 개발,빅데이터,"JAVA, JSP, SQL, Python"
IT·프로그래밍,빅데이터 분석(R)을 위한 자바개발자,에스씨아이평가정보(주),1,2018,금융시스템 개발,빅데이터,"JAVA, JSP, SQL, Python"
IT·프로그래밍,빅데이터 분석(R)을 위한 자바개발자,셀큐,1,2018,서비스,빅데이터,"JAVA, JSP, SQL, Python"
IT·프로그래밍,(NCS)자바(JAVA)기반 하이브리드 앱개발,(주)코어트레스트,1,2018,소프트개발,(NCS)자바(JAVA)기반,JAVA
IT·프로그래밍,모바일앱&웹디자인콘텐츠개발,(주)메타넷엠씨씨,1,2018,웹퍼블리셔,모바일앱&웹디자인콘텐츠개발,"안드로이드, IOS, JAVA, HTML"
IT·프로그래밍,(NCS)자바(JAVA)기반 하이브리드 앱개발,(주)데이터엔지니어스랩,1,2018,소프트웨어 개발,(NCS)자바(JAVA)기반,JAVA
IT·프로그래밍,빅데이터 분석(R)을 위한 자바개발자,(주)에스제이소프트텍,1,2018,소프트개발,빅데이터,"JAVA, JSP, SQL, Python"
IT·프로그래밍,(NCS)자바(JAVA)기반 하이브리드 앱개발,원동새마을금고,1,2017,사무직,(NCS)자바(JAVA)기반,JAVA
IT·프로그래밍,자바기반 사물인터넷(IOT)개발자,(주)엠프론티어,1,2017,서버개발자,자바기반,JAVA
IT·프로그래밍,자바(JAVA)기반 정보보안엔지니어 양성과정,(주)솔인시스템,1,2017,관제,자바(JAVA)기반,JAVA
IT·프로그래밍,자바(JAVA)기반 정보보안엔지니어 양성과정,KCC정보통신㈜,1,2017,보안엔지니어,자바(JAVA)기반,JAVA
IT·프로그래밍,자바기반의 DB(오라클)엔지니어 양성과정,㈜네오플러스,1,2018,QA,자바기반의,JAVA 
IT·프로그래밍,자바(JAVA)기반 안드로이드개발자,㈜효성,1,2018,소프트웨어개발,자바(JAVA)기반,JAVA
IT·프로그래밍,자바(JAVA)기반 안드로이드개발자,㈜와이팜,1,2018,소프트웨어개발,자바(JAVA)기반,JAVA
IT·프로그래밍,자바(JAVA)기반 안드로이드개발자,한영회계법인,1,2018,웹개발,자바(JAVA)기반,JAVA
IT·프로그래밍,빅데이터 분석(R)을 위한 자바개발자,(주)비에스지파트너스,1,2018,웹개발,빅데이터,"JAVA, JSP, SQL, Python"
IT·프로그래밍,빅데이터 분석(R)을 위한 자바개발자,sk텔레콤(주),1,2018,웹개발,빅데이터,"JAVA, JSP, SQL, Python"
IT·프로그래밍,(NCS)자바(JAVA)기반 하이브리드 앱개발,(주)맥스피아,1,2018,웹개발,(NCS)자바(JAVA)기반,JAVA
IT·프로그래밍,자바기반의 DB엔지니어 양성과정,(주)웨이버스,1,2018,웹개발,자바기반의,JAVA 
IT·프로그래밍,빅데이터 분석(R)을 위한 자바개발자,주식회사제이슨,1,2017,데이터분석,빅데이터,"JAVA, JSP, SQL, Python"
IT·프로그래밍,자바기반의 DB(오라클)엔지니어 양성과정,(주)솔비텍,1,2017,웹개발,자바기반의,JAVA 
IT·프로그래밍,"환경디자인(캐드,맥스,라이노)",주식회사다솔디자인,1,2017,디자인설계+시공,"환경디자인(캐드,맥스,라이노)",CAD
IT·프로그래밍,자바(JAVA)기반 정보보안엔지니어 양성과정,(주)뉴넷정보기술,1,2017,네트워크,자바(JAVA)기반,JAVA
IT·프로그래밍,자바기반의 DB(오라클)엔지니어 양성과정,주식회사청춘식탁,1,2017,서비스,자바기반의,JAVA 
IT·프로그래밍,"(NCS)기계요소설계(캐드,카티아)양성과정",에스제이엔텍(주),1,2017,기계설계,"(NCS)기계요소설계(캐드,카티아)양성과정","CAD, CATIA"
IT·프로그래밍,자바(JAVA)기반 정보보안엔지니어 양성과정,호스트센터㈜,1,2017,서버엔지니어,자바(JAVA)기반,JAVA
IT·프로그래밍,자바(JAVA)기반 정보보안엔지니어 양성과정,디피티존,1,2017,서버엔지니어,자바(JAVA)기반,JAVA
IT·프로그래밍,자바기반의 DB엔지니어 양성과정,(주)아리시스템블루,1,2017,웹개발,자바기반의,JAVA 
IT·프로그래밍,자바기반의 DB엔지니어 양성과정,내담씨앤씨,1,2017,웹개발,자바기반의,JAVA 
IT·프로그래밍,자바기반의 DB엔지니어 양성과정,(주)지엠솔루션,1,2017,웹개발,자바기반의,JAVA 
IT·프로그래밍,(NCS)마야를 활용한3D영상그래픽(VFX)전문가,동그라미,1,2017,영상편집,(NCS)마야를,"JAVA, HTML"
IT·프로그래밍,"(NCS)기계요소설계(캐드,카티아)양성과정",(주)티아이티이엔지,1,2017,기계설계,"(NCS)기계요소설계(캐드,카티아)양성과정","CAD, CATIA"
IT·프로그래밍,자바기반의 DB(오라클)엔지니어 양성과정,주식회사티오엠,1,2017,웹개발,자바기반의,JAVA 
IT·프로그래밍,"(NCS)기계요소설계(캐드,카티아)양성과정",주식회사기원,1,2017,기계설계,"(NCS)기계요소설계(캐드,카티아)양성과정","CAD, CATIA"
IT·프로그래밍,빅데이터 분석(R)을 위한 자바개발,(주)트라이언아이앤씨,1,2017,웹개발,빅데이터,"JAVA, JSP, SQL, Python"
IT·프로그래밍,3D프린터를 활용한 제품디자인응용모델,한국철도기술연구원,1,2017,연구보조,3D프린터를,CATIA
IT·프로그래밍,(NCS)자바(JAVA)기반 하이브리드 앱개발,(주)삼신다이아몬드,1,2017,경영관리,(NCS)자바(JAVA)기반,JAVA
IT·프로그래밍,자바기반의 DB엔지니어 양성과정,CIF통신주식회사,1,2017,웹개발,자바기반의,JAVA 
IT·프로그래밍,"(NCS)기계요소설계(캐드,카티아)양성과정",한영엔지니어링,1,2017,기계설계,"(NCS)기계요소설계(캐드,카티아)양성과정","CAD, CATIA"
IT·프로그래밍,자바기반의 DB(오라클)엔지니어,진한소프트,1,2017,웹개발,자바기반의,JAVA 
IT·프로그래밍,자바(JAVA)기반 안드로이드개발자,㈜씨에프투,1,2017,해외영업,자바(JAVA)기반,JAVA
IT·프로그래밍,자바(JAVA)기반 안드로이드개발자,㈜코어플렉스,1,2017,솔루션sw개발,자바(JAVA)기반,JAVA
IT·프로그래밍,"(NCS)기계요소설계(캐드,카티아)양성 과정",신진다이아몬드공업,1,2017,기계설계,"(NCS)기계요소설계(캐드,카티아)양성","CAD, CATIA"
IT·프로그래밍,"(NCS)기계요소설계(캐드,카티아)양성과정",대원FMC,1,2017,기계설계,"(NCS)기계요소설계(캐드,카티아)양성과정","CAD, CATIA"
IT·프로그래밍,"(NCS)기계요소설계(캐드,카티아)양성과정",한일튜브(주),1,2017,기계설계,"(NCS)기계요소설계(캐드,카티아)양성과정","CAD, CATIA"
IT·프로그래밍,빅데이터 분석(R)을 위한 자바개발자,(주)네오그라프,1,2017,웹개발,빅데이터,"JAVA, JSP, SQL, Python"
IT·프로그래밍,빅데이터 분석(R)을 위한 자바개발,(주)파이낸셜데이타시스템,1,2017,웹개발,빅데이터,"JAVA, JSP, SQL, Python"
IT·프로그래밍,빅데이터 분석(R)을 위한 자바개발자,주식회사씨에스리,1,2017,자바개발자,빅데이터,"JAVA, JSP, SQL, Python"
IT·프로그래밍,자바(JAVA)기반 안드로이드개발자,㈜파슨텍,1,2017,소프트웨어개발,자바(JAVA)기반,JAVA
IT·프로그래밍,자바(JAVA)기반 안드로이드개발자,마크리더컨설팅㈜,1,2017,응용프로그래머,자바(JAVA)기반,JAVA
IT·프로그래밍,자바(JAVA)기반 안드로이드개발자,㈜디에스멘토링,1,2017,개발,자바(JAVA)기반,JAVA
IT·프로그래밍,자바(JAVA)기반 안드로이드개발자,㈜시루정보,1,2017,개발,자바(JAVA)기반,JAVA
IT·프로그래밍,"(NCS)기계요소설계(캐드,카티아)양성과정",한전KPS(주),1,2017,기계설계,"(NCS)기계요소설계(캐드,카티아)양성과정","CAD, CATIA"
IT·프로그래밍,빅데이터 분석(R)을 위한 자바개발자,(주)콤텍시스템,1,2017,빅데이터분석,빅데이터,"JAVA, JSP, SQL, Python"
IT·프로그래밍,자바(JAVA)기반 정보보안엔지니어 양성과정,(주)엔이에스,1,2017,OS운영,자바(JAVA)기반,JAVA
IT·프로그래밍,자바(JAVA)기반 정보보안엔지니어 양성과정,에프원시큐리티,1,2017,보안컨설팅,자바(JAVA)기반,JAVA
IT·프로그래밍,자바(JAVA)기반 정보보안엔지니어 양성과정,(주)엔이에스,1,2017,OS운영,자바(JAVA)기반,JAVA
IT·프로그래밍,"(NCS)기계요소설계(캐드,카티아)양성과정",주식회사비체라이팅,1,2017,건설기계설계,"(NCS)기계요소설계(캐드,카티아)양성과정","CAD, CATIA"
IT·프로그래밍,빅데이터 분석(R)을 위한 자바개발자,(유)인텔리전스코리아,1,2017,빅데이터,빅데이터,"JAVA, JSP, SQL, Python"
IT·프로그래밍,빅데이터 분석(R)을 위한 자바개발자,수원시청,1,2017,사무보조,빅데이터,"JAVA, JSP, SQL, Python"
IT·프로그래밍,빅데이터 분석(R)을 위한 자바개발자,웰컴크레디라인대부(주),1,2017,빅데이터,빅데이터,"JAVA, JSP, SQL, Python"
IT·프로그래밍,"3D프린터를 활용한 제품디자인응용모델링(캐드,맥스,라이노)",(주)대산공사,1,2017,건설기계설계,3D프린터를,CATIA
IT·프로그래밍,(NCS)자바(JAVA)기반 하이브리드 앱개발,(주)맥스피아,1,2017,앱개발,(NCS)자바(JAVA)기반,JAVA
IT·프로그래밍,빅데이터 분석(R)을 위한 자바개발자,울산대학교산학협력단,1,2017,빅데이터 분석,빅데이터,"JAVA, JSP, SQL, Python"
IT·프로그래밍,"3D프린터를 활용한 제품디자인응용모델링(캐드,맥스,라이노)",(주)씨지플러스인,1,2017,제품디자인,3D프린터를,CATIA
IT·프로그래밍,자바(JAVA)기반 정보보안엔지니어 양성과정,(주)나이츠넷,1,2017,네트워크 엔지니어링,자바(JAVA)기반,JAVA
IT·프로그래밍,자바(JAVA)기반 하이브리드 앱개발,(주)뮤레카,1,2017,웹개발,자바(JAVA)기반,JAVA
IT·프로그래밍,(NCS)자바(JAVA)기반 하이브리드,씨에스정보기술(주),1,2017,앱개발,(NCS)자바(JAVA)기반,JAVA
IT·프로그래밍,(NCS)자바(JAVA)기반 하이브리드 앱개발,주식회사원스세미텍,1,2017,앱개발,(NCS)자바(JAVA)기반,JAVA
IT·프로그래밍,"(NCS)기계요소설계(캐드,카티아)양성과정",(주)그린플러스,1,2017,기계설계,"(NCS)기계요소설계(캐드,카티아)양성과정","CAD, CATIA"
IT·프로그래밍,"(NCS)기계요소설계(캐드,카티아)양성과정",한국기초과학지원연구원,1,2017,연구원,"(NCS)기계요소설계(캐드,카티아)양성과정","CAD, CATIA"
IT·프로그래밍,"(NCS)기계요소설계(캐드,카티아)양성과정",(주)바텍,1,2017,기계설계,"(NCS)기계요소설계(캐드,카티아)양성과정","CAD, CATIA"
IT·프로그래밍,빅데이터 분석(R)을 위한 자바개발자,산업연구원,1,2017,연구원,빅데이터,"JAVA, JSP, SQL, Python"
IT·프로그래밍,(NCS)자바(JAVA)기반 하이브리드 앱개발,(주)위드정보,1,2017,앱개발,(NCS)자바(JAVA)기반,JAVA
IT·프로그래밍,(NCS)마야를 활용한3D영상그래픽(VFX)전문가,(주)덴티움,1,2017,사무직,(NCS)마야를,"JAVA, HTML"
IT·프로그래밍,NCS를 활용한 실내건축디자인,(주) 듀오아이엔씨,1,2017,실내건축디자인,NCS를,"JAVA, HTML"
IT·프로그래밍,(NCS)자바(JAVA)기반 하이브리드 앱개발,GS25동탄포스코,1,2017,지점관리,(NCS)자바(JAVA)기반,JAVA
IT·프로그래밍,(NCS)자바(JAVA)기반 하이브리드 앱개발,(주)마더테란,1,2017,웹개발,(NCS)자바(JAVA)기반,JAVA
IT·프로그래밍,(NCS)자바(JAVA)기반 하이브리드 앱개발,(주)인터파크,1,2017,웹개발,(NCS)자바(JAVA)기반,JAVA
IT·프로그래밍,(NCS)자바(JAVA)기반 하이브리드 앱개발,(주)오토소프트,1,2017,웹개발,(NCS)자바(JAVA)기반,JAVA
IT·프로그래밍,(NCS)자바(JAVA)기반 하이브리드 앱개발,(주)라이크어로컬,1,2017,웹개발,(NCS)자바(JAVA)기반,JAVA
IT·프로그래밍,(NCS)자바(JAVA)기반 하이브리드 앱개발,주식회사블루페이스,1,2017,앱개발,(NCS)자바(JAVA)기반,JAVA
IT·프로그래밍,(NCS)자바(JAVA)기반 하이브리드 앱개발,(주)위즈네트,1,2017,앱개발,(NCS)자바(JAVA)기반,JAVA
IT·프로그래밍,(NCS) 자바(JAVA)기반 하이브리드 앱개발,비트큐브주식회사,1,2017,앱개발,(NCS),"JAVA, HTML"
IT·프로그래밍,(NCS) 자바(JAVA)기반 하이브리드 앱개발,(주)와이즈버즈,1,2017,웹개발,(NCS),"JAVA, HTML"
IT·프로그래밍,(NCS) 자바(JAVA)기반 하이브리드 앱개발,아이인포리트주식회사,1,2017,앱개발,(NCS),"JAVA, HTML"
IT·프로그래밍,(NCS) 자바(JAVA)기반 하이브리드 앱개발,㈜인피닉,1,2017,QA,(NCS),"JAVA, HTML"
IT·프로그래밍,(NCS)자바(JAVA)기반 하이브리드 앱개발,㈜에스제이테크놀로지,1,2017,웹프로그래밍,(NCS)자바(JAVA)기반,JAVA
IT·프로그래밍,(NCS)자바(JAVA)기반 하이브리드 앱개발,이씨플라자㈜,1,2017,웹프로그래밍,(NCS)자바(JAVA)기반,JAVA
IT·프로그래밍,(NCS)자바(JAVA)기반 하이브리드 앱개발,(주)누리앱,1,2017,웹개발,(NCS)자바(JAVA)기반,JAVA
IT·프로그래밍,(NCS)자바(JAVA)기반 하이브리드 앱개발,메가엠디(주),1,2017,웹개발자,(NCS)자바(JAVA)기반,JAVA
IT·프로그래밍,(NCS)자바(JAVA)기반 하이브리드 앱개발,(주)누리앱,1,2017,웹개발,(NCS)자바(JAVA)기반,JAVA
IT·프로그래밍,(NCS)자바(JAVA)기반 하이브리드 앱개발,(주)미메지스,1,2017,웹개발,(NCS)자바(JAVA)기반,JAVA
IT·프로그래밍,(NCS)자바(JAVA)기반 하이브리드 앱개발,(주)영진글로지텍,1,2016,웹개발,(NCS)자바(JAVA)기반,JAVA
IT·프로그래밍,(NCS)자바(JAVA)기반 하이브리드 앱개발,솔루텍주식회사,1,2016,웹개발,(NCS)자바(JAVA)기반,JAVA
IT·프로그래밍,(NCS)자바(JAVA)기반 하이브리드 앱개발,(주)웨인테크놀로지,1,2016,웹개발,(NCS)자바(JAVA)기반,JAVA
IT·프로그래밍,(NCS)자바(JAVA)기반 하이브리드 앱개발,(주)코어빌더,1,2016,웹개발,(NCS)자바(JAVA)기반,JAVA
IT·프로그래밍,(NCS)자바(JAVA)기반 하이브리드 앱개발,카드캠주식회사,1,2016,웹개발,(NCS)자바(JAVA)기반,JAVA
IT·프로그래밍,(NCS)자바안드로이드 정보시스템개발자,(주)엠토스솔루션스,1,2016,웹개발,(NCS)자바안드로이드,"JAVA, 안드로이드"
IT·프로그래밍,(NCS)자바안드로이드 정보시스템개발자,주식회사 광천김,1,2016,웹디자인,(NCS)자바안드로이드,"JAVA, 안드로이드"
IT·프로그래밍,(NCS)자바안드로이드 정보시스템개발자,제임스인베스트,1,2016,웹개발,(NCS)자바안드로이드,"JAVA, 안드로이드"
IT·프로그래밍,(NCS)자바안드로이드 정보시스템개발자,(주)NHRCORP,1,2016,웹개발,(NCS)자바안드로이드,"JAVA, 안드로이드"
IT·프로그래밍,(NCS) 모바일앱 UI/UX디자인,(주)펀타임,1,2016,게임개발,(NCS),"JAVA, HTML"
IT·프로그래밍,(NCS)자바안드로이드 정보시스템개발자,아이티솔루션파트너스(주),1,2015,웹개발,(NCS)자바안드로이드,"JAVA, 안드로이드"
IT·프로그래밍,(NCS)자바안드로이드 정보시스템개발자,(주)매크로그래프연구소서울지점,1,2016,웹개발,(NCS)자바안드로이드,"JAVA, 안드로이드"
IT·프로그래밍,(NCS)자바안드로이드 정보시스템개발자,리드커리어주식회사,1,2016,웹개발,(NCS)자바안드로이드,"JAVA, 안드로이드"
IT·프로그래밍,(NCS)자바안드로이드 정보시스템개발자,주식회사 모비데이즈,1,2016,웹개발,(NCS)자바안드로이드,"JAVA, 안드로이드"
IT·프로그래밍,(NCS)자바안드로이드 정보시스템개발자,빅원솔루션,1,2015,웹개발,(NCS)자바안드로이드,"JAVA, 안드로이드"
IT·프로그래밍,(NCS)자바안드로이드 정보시스템개발자,(주)인스에듀테인먼트,1,2016,웹개발,(NCS)자바안드로이드,"JAVA, 안드로이드"
IT·프로그래밍,(NCS)자바안드로이드 정보시스템개발자,(주)아이시프트,1,2015,웹개발,(NCS)자바안드로이드,"JAVA, 안드로이드"
IT·프로그래밍,스프링기반 자바개발자,(주)이엔티,1,2015,프로그래머,스프링기반,JAVA
IT·프로그래밍,(NCS)자바안드로이드 정보시스템개발자,(주)싸이크로스,1,2015,BX사업부,(NCS)자바안드로이드,"JAVA, 안드로이드"
IT·프로그래밍,(NCS)자바안드로이드 정보시스템개발자,(주)잡이스,1,2015,소프트웨어 지원,(NCS)자바안드로이드,"JAVA, 안드로이드"
IT·프로그래밍,(NCS)자바안드로이드 정보시스템개발자,(주)케이알파트너스,1,2015,웹개발,(NCS)자바안드로이드,"JAVA, 안드로이드"
IT·프로그래밍,(NCS)자바안드로이드 정보시스템개발자,주식회사 골프의 정석,1,2015,웹개발,(NCS)자바안드로이드,"JAVA, 안드로이드"
IT·프로그래밍,(NCS)자바안드로이드 정보시스템개발자,(주)찌야,1,2015,개발,(NCS)자바안드로이드,"JAVA, 안드로이드"
IT·프로그래밍,(NCS)자바안드로이드 정보시스템개발자,한림국제대학원대학교,1,2015,행정,(NCS)자바안드로이드,"JAVA, 안드로이드"
IT·프로그래밍,스프링기반 자바개발자,크레돈(주),1,2015,기획,스프링기반,JAVA
IT·프로그래밍,(NCS)자바안드로이드 정보시스템개발자,루메니스코리아 주식회사,1,2015,기술영업,(NCS)자바안드로이드,"JAVA, 안드로이드"
